1,0.1210555556,+27.7080555555556,Magnitude: 13.65
Type: Intermediate spiral galaxy
Constellation: Pegasus;
2,0.1214166667,+27.6783333333333,Magnitude: 14.96
Type: Spiral galaxy
Constellation: Pegasus;
3,0.1213333333,+8.30166666666667,Magnitude: 14.2
Type: Lenticular galaxy
Constellation: Pisces;
4,0.1234444444,+8.37388888888889,Magnitude: 16.8
Type: Lenticular galaxy
Constellation: Pisces;
5,0.13025,+35.3622222222222,Magnitude: 14.33
Type: Elliptical galaxy
Constellation: Andromeda;
6,0.1590833333,+33.3086111111111,Magnitude: 14.04
Type: Lenticular galaxy
Constellation: Andromeda;
7,0.1391388889,-29.915,Magnitude: 13.47
Type: Barred spiral galaxy
Constellation: Sculptor;
8,0.1459166667,+23.8388888888889,Magnitude: 15.2/16.5
Type: Double star
Constellation: Pegasus;
9,0.1485277778,+23.8172222222222,Magnitude: 14.5
Type: Barred spiral galaxy
Constellation: Pegasus;
10,0.1429166667,-33.8586111111111,Magnitude: 13
Type: Spiral galaxy
Constellation: Sculptor;
11,0.1451388889,+37.4477777777778,Magnitude: 14.5
Type: Spiral galaxy
Constellation: Andromeda;
12,0.1457777778,+4.6125,Magnitude: 14.5
Type: Intermediate spiral galaxy
Constellation: Pisces;
13,0.1466111111,+33.4327777777778,Magnitude: 14.2
Type: Spiral galaxy
Constellation: Andromeda;
14,0.1462222222,+15.8163888888889,Magnitude: 13.3
Type: Irregular galaxy
Constellation: Pegasus;
15,0.1506944444,+21.6241666666667,Magnitude: 14.9
Type: Spiral galaxy
Constellation: Pegasus;
16,0.1511944444,+27.7291666666667,Magnitude: 13
Type: Lenticular galaxy
Constellation: Pegasus;
17,0.1851666667,-12.1072222222222,Magnitude: 14
Type: Spiral galaxy
Constellation: Cetus;
18,0.1564166667,+27.7319444444444,Magnitude: 14
Type: Double star
Constellation: Pegasus;
19,0.1780277778,+32.9830555555556,Magnitude: 14
Type: Spiral galaxy
Constellation: Andromeda;
20,0.1591111111,+33.3086111111111,Magnitude: 14.5
Type: Lenticular galaxy
Constellation: Andromeda;
21,0.1780555556,+32.9825,Magnitude: 13.9
Type: Spiral galaxy
Constellation: Andromeda;
22,0.1634166667,+27.8322222222222,Magnitude: 14.9
Type: Spiral galaxy
Constellation: Pegasus;
23,0.1648333333,+25.9241666666667,Magnitude: 12.5
Type: Barred spiral galaxy
Constellation: Pegasus;
24,0.1656944444,-24.9633333333333,Magnitude: 12.1
Type: Spiral galaxy
Constellation: Sculptor;
25,0.1668888889,-57.0186111111111,Magnitude: 15.5
Type: Lenticular galaxy
Constellation: Phoenix;
26,0.1739166667,+25.8319444444444,Magnitude: 13.9
Type: Spiral galaxy
Constellation: Pegasus;
27,0.1757777778,+28.9963888888889,Magnitude: 14.5
Type: Spiral galaxy
Constellation: Andromeda;
28,0.1736388889,-56.9897222222222,Magnitude: 13.8
Type: Elliptical galaxy
Constellation: Phoenix;
29,0.17975,+33.3525,Magnitude: 14.5
Type: Spiral galaxy
Constellation: Andromeda;
30,0.1833333333,+21.95,Magnitude: 14.8/15
Type: Double star
Constellation: Pegasus;
31,0.1773611111,-56.9863888888889,Magnitude: 13.9
Type: Barred spiral galaxy
Constellation: Phoenix;
32,0.1833333333,+18.7833333333333,Magnitude: 14
Type: Asterism
Constellation: Pegasus;
33,0.1833333333,+3.66666666666667,Magnitude: 15
Type: Double star
Constellation: Pisces;
34,0.1851666667,-12.1072222222222,Magnitude: 14
Type: Spiral galaxy
Constellation: Cetus;
35,0.18625,-12.0208333333333,Magnitude: 14
Type: Barred spiral galaxy
Constellation: Cetus;
36,0.1895833333,+6.38916666666667,Magnitude: 14.5
Type: Barred spiral galaxy
Constellation: Pisces;
37,0.1896388889,-56.9561111111111,Magnitude: 13.7
Type: Lenticular galaxy
Constellation: Phoenix;
38,0.1963888889,-5.58583333333333,Magnitude: 13.5
Type: Spiral galaxy
Constellation: Pisces;
39,0.2052777778,+31.0611111111111,Magnitude: 14.4
Type: Spiral galaxy
Constellation: Andromeda;
40,0.2169444444,+72.5219444444444,Magnitude: 11.7
Type: Planetary nebula
Constellation: Cepheus;
41,0.2133333333,+22.0238888888889,Magnitude: 14.6
Type: Spiral galaxy
Constellation: Pegasus;
42,0.2156666667,+22.1,Magnitude: 15
Type: Lenticular galaxy
Constellation: Pegasus;
43,0.2169444444,+30.9152777777778,Magnitude: 13.9
Type: Lenticular galaxy
Constellation: Andromeda;
44,0.2166666667,+31.3,Magnitude: 14.6
Type: Double star
Constellation: Andromeda;
45,0.2344444444,-23.1808333333333,Magnitude: 11.2
Type: Irregular galaxy
Constellation: Cetus;
46,0.2333333333,+5.98333333333333,Magnitude: 11.8
Type: Star
Constellation: Pisces;
47,0.2418333333,-7.1675,Magnitude: 13
Type: Barred spiral galaxy
Constellation: Cetus;
48,0.2339722222,+48.2344444444444,Magnitude: 15
Type: Barred spiral galaxy
Constellation: Andromeda;
49,0.2395833333,+48.2463888888889,Magnitude: 15.3
Type: Lenticular galaxy
Constellation: Andromeda;
50,0.24575,-7.345,Magnitude: 12
Type: Lenticular galaxy
Constellation: Cetus;
51,0.2430555556,+48.2555555555556,Magnitude: 14.6
Type: Lenticular galaxy
Constellation: Andromeda;
52,0.2445277778,+18.5819444444444,Magnitude: 14.6
Type: Spiral galaxy
Constellation: Pegasus;
53,0.24525,-60.3275,Magnitude: 12.6
Type: Barred spiral galaxy
Constellation: Tucana;
54,0.2521388889,-7.10694444444444,Magnitude: 14
Type: Spiral galaxy
Constellation: Cetus;
55,0.2523333333,-39.2202777777778,Magnitude: 8.2
Type: Irregular galaxy
Constellation: Sculptor;
56,0.25,+12.45,Magnitude: N/A
Type: Nonexistent
Constellation: Pisces;
57,0.2586111111,+17.3280555555556,Magnitude: 13.7
Type: Elliptical galaxy
Constellation: Pisces;
58,0.2418333333,-7.1675,Magnitude: 13
Type: Spiral galaxy
Constellation: Cetus;
59,0.2570555556,-21.445,Magnitude: 13.1
Type: Lenticular galaxy
Constellation: Cetus;
60,0.2661944444,-0.303888888888889,Magnitude: 15.4
Type: Spiral galaxy
Constellation: Pisces;
61,0.2734166667,-6.31888888888889,Magnitude: 15
Type: Interacting galaxies
Constellation: Pisces;
62,0.2848333333,-13.4875,Magnitude: 14
Type: Barred spiral galaxy
Constellation: Cetus;
63,0.296,+11.4502777777778,Magnitude: 12.6
Type: Spiral galaxy
Constellation: Pisces;
64,0.29175,-6.82472222222222,Magnitude: 13.6
Type: Barred spiral galaxy
Constellation: Cetus;
65,0.3162777778,-22.88,Magnitude: 13.9
Type: Lenticular galaxy
Constellation: Cetus;
66,0.3180277778,-22.9363888888889,Magnitude: 13.5
Type: Barred spiral galaxy
Constellation: Cetus;
67,0.3041388889,+30.0627777777778,Magnitude: 15.7
Type: Elliptical galaxy
Constellation: Andromeda;
68,0.3051388889,+30.0713888888889,Magnitude: 14.5
Type: Lenticular galaxy
Constellation: Andromeda;
69,0.3056944444,+30.04,Magnitude: 15.7
Type: Lenticular galaxy
Constellation: Andromeda;
70,0.3062777778,+30.0794444444444,Magnitude: 14.5
Type: Spiral galaxy
Constellation: Andromeda;
71,0.3065555556,+30.0630555555556,Magnitude: 14.8
Type: Lenticular galaxy
Constellation: Andromeda;
72,0.3078888889,+30.0405555555556,Magnitude: 15
Type: Barred spiral galaxy
Constellation: Andromeda;
73,0.3108333333,-15.3222222222222,Magnitude: 13
Type: Intermediate spiral galaxy
Constellation: Cetus;
74,0.3137222222,+30.0616666666667,Magnitude: 16
Type: Lenticular galaxy
Constellation: Andromeda;
75,0.324,+6.44916666666667,Magnitude: 14.8
Type: Lenticular galaxy
Constellation: Pisces;
76,0.3271666667,+29.9338888888889,Magnitude: 14
Type: Lenticular galaxy
Constellation: Andromeda;
77,0.3338055556,-22.5322222222222,Magnitude: 14.8
Type: Lenticular galaxy
Constellation: Cetus;
78,0.341,+0.833333333333333,Magnitude: 14.5
Type: Interacting galaxies
Constellation: Pisces;
79,0.3508055556,+22.5666666666667,Magnitude: 14.9
Type: Elliptical galaxy
Constellation: Andromeda;
80,0.3530555556,+22.3566666666667,Magnitude: 13.7
Type: Lenticular galaxy
Constellation: Andromeda;
81,0.3536666667,+22.3830555555556,Magnitude: 17.7
Type: Lenticular galaxy
Constellation: Andromeda;
82,0.3548611111,+22.4602777777778,Magnitude: 14.6
Type: Star
Constellation: Andromeda;
83,0.35625,+22.4333333333333,Magnitude: 14.2
Type: Elliptical galaxy
Constellation: Andromeda;
84,0.3593611111,+22.5930555555556,Magnitude: 15.8
Type: Star
Constellation: Andromeda;
85,0.3570833333,+22.5116666666667,Magnitude: 15.7
Type: Lenticular galaxy
Constellation: Andromeda;
86,0.3579722222,+22.5563888888889,Magnitude: 14.9
Type: Lenticular galaxy
Constellation: Andromeda;
87,0.3538888889,-48.6283333333333,Magnitude: 14.5
Type: Irregular galaxy
Constellation: Phoenix;
88,0.3560555556,-48.6402777777778,Magnitude: 15.2
Type: Spiral galaxy
Constellation: Phoenix;
89,0.3567777778,-48.6658333333333,Magnitude: 14.6
Type: Spiral galaxy
Constellation: Phoenix;
90,0.3642777778,+22.4,Magnitude: 13.7
Type: Spiral galaxy
Constellation: Andromeda;
91,0.3643611111,+22.3683333333333,Magnitude: 14.4
Type: Star
Constellation: Andromeda;
92,0.3587222222,-48.6244444444444,Magnitude: 14.3
Type: Spiral galaxy
Constellation: Phoenix;
93,0.3676111111,+22.4077777777778,Magnitude: 14.7
Type: Spiral galaxy
Constellation: Andromeda;
94,0.3703055556,+22.4788888888889,Magnitude: 15.6
Type: Lenticular galaxy
Constellation: Andromeda;
95,0.3704722222,+10.4913888888889,Magnitude: 13.4
Type: Spiral galaxy
Constellation: Pisces;
96,0.3716111111,+22.5466666666667,Magnitude: 17
Type: Lenticular galaxy
Constellation: Andromeda;
97,0.3750277778,+29.7452777777778,Magnitude: 13.5
Type: Elliptical galaxy
Constellation: Andromeda;
98,0.3804166667,-45.2691666666667,Magnitude: 12.8
Type: Barred spiral galaxy
Constellation: Phoenix;
99,0.3998611111,+15.7705555555556,Magnitude: 14
Type: Spiral galaxy
Constellation: Pisces;
100,0.4007777778,+16.4861111111111,Magnitude: 14.6
Type: Spiral galaxy
Constellation: Pisces;
101,0.3985,-32.5358333333333,Magnitude: 12.8
Type: Spiral galaxy
Constellation: Sculptor;
102,0.4101388889,-13.9561111111111,Magnitude: 14
Type: Lenticular galaxy
Constellation: Cetus;
103,0.4166666667,+61.35,Magnitude: 10.3
Type: Open cluster
Constellation: Cassiopeia;
104,0.4015833333,-72.0813888888889,Magnitude: 5.8
Type: Globular cluster
Constellation: Tucana;
105,0.4213611111,+12.8836111111111,Magnitude: 14.1
Type: Spiral galaxy
Constellation: Pisces;
106,0.4121666667,-5.14861111111111,Magnitude: 14.5
Type: Lenticular galaxy
Constellation: Pisces;
107,0.4283611111,-8.28277777777778,Magnitude: 15.7
Type: Spiral galaxy
Constellation: Cetus;
108,0.4332777778,+29.2116666666667,Magnitude: 13.3
Type: Lenticular galaxy
Constellation: Andromeda;
109,0.4374166667,+21.8069444444444,Magnitude: 15
Type: Spiral galaxy
Constellation: Andromeda;
110,0.45,+71.4,Magnitude: 9
Type: Open cluster
Constellation: Cassiopeia;
111,0.45,-2.63333333333333,Magnitude: 
Type: Unknown
Constellation: Cetus;
112,0.4468888889,+31.7033333333333,Magnitude: 14.5
Type: Barred spiral galaxy
Constellation: Andromeda;
113,0.4485,-2.50083333333333,Magnitude: 13.5
Type: Lenticular galaxy
Constellation: Cetus;
114,0.4495555556,-1.78611111111111,Magnitude: 15
Type: Lenticular galaxy
Constellation: Cetus;
115,0.4462777778,-33.6766666666667,Magnitude: 14
Type: Barred spiral galaxy
Constellation: Sculptor;
116,0.4514722222,-7.66805555555556,Magnitude: 14.5
Type: Doesn't exist
Constellation: Cetus;
117,0.4530277778,+1.33416666666667,Magnitude: 15.5
Type: Lenticular galaxy
Constellation: Cetus;
118,0.4545,-1.78,Magnitude: 14.9
Type: Spiral galaxy
Constellation: Cetus;
119,0.4493055556,-56.9783333333333,Magnitude: 13
Type: Lenticular galaxy
Constellation: Phoenix;
120,0.4584166667,-1.51361111111111,Magnitude: 14.8
Type: Lenticular galaxy
Constellation: Cetus;
121,0.4469444444,-71.5361111111111,Magnitude: 11.2
Type: Globular cluster
Constellation: Tucana;
122,0.4666666667,-1.63333333333333,Magnitude: 
Type: Unknown
Constellation: Cetus;
123,0.4666666667,-1.6,Magnitude: 
Type: Unknown
Constellation: Cetus;
124,0.4645833333,-1.81055555555556,Magnitude: 13.8
Type: Spiral galaxy
Constellation: Cetus;
125,0.4806388889,+2.83861111111111,Magnitude: 14.2
Type: Lenticular galaxy
Constellation: Pisces;
126,0.4855833333,+2.81111111111111,Magnitude: 14.5
Type: Lenticular galaxy
Constellation: Pisces;
127,0.4867777778,+2.87277777777778,Magnitude: 13.2
Type: Lenticular galaxy
Constellation: Pisces;
128,0.4875277778,+2.86416666666667,Magnitude: 13.2
Type: Lenticular galaxy
Constellation: Pisces;
129,0.5,+60.2166666666667,Magnitude: 7.3
Type: Open cluster
Constellation: Cassiopeia;
130,0.4883333333,+2.87166666666667,Magnitude: 15
Type: Lenticular galaxy
Constellation: Pisces;
131,0.4938888889,-33.2605555555556,Magnitude: 13.5
Type: Spiral galaxy
Constellation: Sculptor;
132,0.5029722222,+2.09305555555556,Magnitude: 13.8
Type: Spiral galaxy
Constellation: Cetus;
133,0.52,+63.3666666666667,Magnitude: 9.4
Type: Open cluster
Constellation: Cassiopeia;
134,0.5059722222,-33.2469444444444,Magnitude: 11
Type: Barred Spiral galaxy
Constellation: Sculptor;
135,0.5293333333,-13.3380555555556,Magnitude: 
Type: Lenticular galaxy
Constellation: Cetus;
136,0.5333333333,+61.5333333333333,Magnitude: 11
Type: Open cluster
Constellation: Cassiopeia;
137,0.5161666667,+10.2080555555556,Magnitude: 14.2
Type: Lenticular galaxy
Constellation: Pisces;
138,0.5165,+5.15972222222222,Magnitude: 14.8
Type: Spiral galaxy
Constellation: Pisces;
139,0.5184444444,+5.07861111111111,Magnitude: 15.5
Type: Barred spiral galaxy
Constellation: Pisces;
140,0.5223888889,+30.7925,Magnitude: 14.2
Type: Spiral galaxy
Constellation: Andromeda;
141,0.5219444444,+5.18111111111111,Magnitude: 15.4
Type: Spiral galaxy
Constellation: Pisces;
142,0.5188611111,-22.6186111111111,Magnitude: 
Type: Spiral galaxy
Constellation: Cetus;
143,0.5209722222,-22.5602777777778,Magnitude: 
Type: Spiral galaxy
Constellation: Cetus;
144,0.5224166667,-22.6463888888889,Magnitude: 
Type: Spiral galaxy
Constellation: Cetus;
145,0.5291666667,-5.15305555555556,Magnitude: 12
Type: Barred spiral galaxy
Constellation: Cetus;
146,0.55,+63.3,Magnitude: 9.6
Type: Open cluster
Constellation: Cassiopeia;
147,0.5532777778,+48.5069444444444,Magnitude: 12
Type: Elliptical galaxy
Constellation: Cassiopeia;
148,0.571,-31.7852777777778,Magnitude: 13.1
Type: Lenticular galaxy
Constellation: Sculptor;
149,0.564,+30.7230555555556,Magnitude: 15
Type: Lenticular galaxy
Constellation: Andromeda;
150,0.5711388889,-27.8044444444444,Magnitude: 11.8
Type: Barred spiral galaxy
Constellation: Sculptor;
151,0.5674444444,-9.70527777777778,Magnitude: 12.2
Type: Barred spiral galaxy
Constellation: Cetus;
152,0.5489722222,-73.1158333333333,Magnitude: 13.1
Type: Open cluster
Constellation: Tucana;
153,0.5674444444,-9.70527777777778,Magnitude: 12.2
Type: Spiral galaxy
Constellation: Cetus;
154,0.5720833333,-12.6563888888889,Magnitude: 14
Type: Elliptical galaxy
Constellation: Cetus;
155,0.5778055556,-10.7666666666667,Magnitude: 13
Type: Lenticular galaxy
Constellation: Cetus;
156,0.5833333333,-8.35,Magnitude: 
Type: Double star
Constellation: Cetus;
157,0.5796388889,-8.39666666666667,Magnitude: 10
Type: Intermediate spiral galaxy
Constellation: Cetus;
158,0.5833333333,-8.31666666666667,Magnitude: 
Type: Possible double star
Constellation: Cetus;
159,0.5765277778,-55.7905555555556,Magnitude: 
Type: Lenticular galaxy
Constellation: Phoenix;
160,0.6011388889,+23.9586111111111,Magnitude: 13.7
Type: Lenticular galaxy
Constellation: Andromeda;
161,0.59275,-2.84861111111111,Magnitude: 15
Type: Lenticular galaxy
Constellation: Cetus;
162,0.5994444444,+24.0377777777778,Magnitude: 16
Type: Star
Constellation: Andromeda;
163,0.5999444444,-10.1216666666667,Magnitude: 13
Type: Elliptical galaxy
Constellation: Cetus;
164,0.6091666667,+2.74944444444444,Magnitude: 16
Type: Spiral galaxy
Constellation: Pisces;
165,0.6079722222,-10.105,Magnitude: 13
Type: Spiral galaxy
Constellation: Cetus;
166,0.5968888889,-13.6111111111111,Magnitude: 15
Type: Spiral galaxy
Constellation: Cetus;
167,0.5897222222,-23.3744444444444,Magnitude: 
Type: Spiral galaxy
Constellation: Cetus;
168,0.6107222222,-22.5930555555556,Magnitude: 14.9
Type: Lenticular galaxy
Constellation: Cetus;
169,0.6143611111,+23.9911111111111,Magnitude: 13.7
Type: Barred spiral galaxy
Constellation: Andromeda;
170,0.61275,+1.88638888888889,Magnitude: 15.5
Type: Lenticular galaxy
Constellation: Cetus;
171,0.62275,-19.9366666666667,Magnitude: 12
Type: Barred spiral galaxy
Constellation: Cetus;
172,0.6204166667,-22.5866666666667,Magnitude: 14.7
Type: Barred spiral galaxy
Constellation: Cetus;
173,0.6201666667,+1.94194444444444,Magnitude: 14.5
Type: Spiral galaxy
Constellation: Cetus;
174,0.6163333333,-29.4783333333333,Magnitude: 13.5
Type: Barred spiral galaxy
Constellation: Sculptor;
175,0.62275,-19.9366666666667,Magnitude: 12
Type: Barred spiral galaxy
Constellation: Cetus;
176,0.5996388889,-73.1658333333333,Magnitude: 13.1
Type: Open cluster
Constellation: Tucana;
177,0.6261944444,-22.5494444444444,Magnitude: 14.2
Type: Spiral galaxy
Constellation: Cetus;
178,0.6523333333,-14.1713888888889,Magnitude: 13
Type: Magellanic spiral
Constellation: Cetus;
179,0.6295277778,-17.85,Magnitude: 
Type: Lenticular galaxy
Constellation: Cetus;
180,0.6327222222,+8.63444444444444,Magnitude: 14.3
Type: Barred spiral galaxy
Constellation: Pisces;
181,0.6397777778,+29.4727777777778,Magnitude: 15.4
Type: Spiral galaxy
Constellation: Andromeda;
182,0.6368055556,+2.72833333333333,Magnitude: 13.8
Type: Spiral galaxy
Constellation: Pisces;
183,0.6415277778,+29.5111111111111,Magnitude: 13.8
Type: Elliptical galaxy
Constellation: Andromeda;
184,0.6432777778,+29.4475,Magnitude: 15.5
Type: Spiral galaxy
Constellation: Andromeda;
185,0.6492777778,+48.3372222222222,Magnitude: 11
Type: Dwarf spheroidal galaxy
Constellation: Cassiopeia;
186,0.6403611111,+3.16611111111111,Magnitude: 14.8
Type: Lenticular galaxy
Constellation: Pisces;
187,0.6584444444,-14.6547222222222,Magnitude: 13
Type: Barred spiral galaxy
Constellation: Cetus;
188,0.8072222222,+85.25,Magnitude: 8.9
Type: Open cluster
Constellation: Cepheus;
189,0.6666666667,+61.0666666666667,Magnitude: 9.1
Type: Open cluster
Constellation: Cassiopeia;
190,0.6485555556,+7.0625,Magnitude: 15.1
Type: Interacting galaxies
Constellation: Pisces;
191,0.6498055556,-9.0025,Magnitude: 12
Type: Spiral galaxy
Constellation: Cetus;
192,0.65375,+0.863611111111111,Magnitude: 13.9
Type: Spiral galaxy
Constellation: Cetus;
193,0.6551944444,+3.33138888888889,Magnitude: 13.2
Type: Lenticular galaxy
Constellation: Pisces;
194,0.6551388889,+3.03722222222222,Magnitude: 13.9
Type: Elliptical galaxy
Constellation: Pisces;
195,0.6599444444,-9.19444444444444,Magnitude: 14
Type: Spiral galaxy
Constellation: Cetus;
196,0.6549722222,+0.9125,Magnitude: 14.2
Type: Lenticular galaxy
Constellation: Cetus;
197,0.65525,+0.891666666666667,Magnitude: 14.2
Type: Lenticular galaxy
Constellation: Cetus;
198,0.6564166667,+2.7975,Magnitude: 14.1
Type: Spiral galaxy
Constellation: Pisces;
199,0.65925,+3.13861111111111,Magnitude: 15
Type: Lenticular galaxy
Constellation: Pisces;
200,0.6596944444,+2.88722222222222,Magnitude: 14
Type: Spiral galaxy
Constellation: Pisces;
201,0.6596944444,+0.859722222222222,Magnitude: 14.7
Type: Spiral galaxy
Constellation: Cetus;
202,0.6611111111,+3.53611111111111,Magnitude: 15.5
Type: Lenticular galaxy
Constellation: Pisces;
203,0.6609722222,+3.44277777777778,Magnitude: 14.5
Type: Lenticular galaxy
Constellation: Pisces;
204,0.6623055556,+3.29944444444444,Magnitude: 14.6
Type: Lenticular galaxy
Constellation: Pisces;
205,0.6727777778,+41.6852777777778,Magnitude: 9.4
Type: Dwarf elliptical galaxy
Constellation: Andromeda;
206,0.6760555556,+40.7394444444445,Magnitude: 
Type: Star cloud
Constellation: Andromeda;
207,0.6613333333,-14.2375,Magnitude: 14.8
Type: Spiral galaxy
Constellation: Cetus;
208,0.6715555556,+2.75611111111111,Magnitude: 15.5
Type: Spiral galaxy
Constellation: Pisces;
209,0.651,-18.6083333333333,Magnitude: 14
Type: Lenticular galaxy
Constellation: Cetus;
210,0.6764166667,-13.8738888888889,Magnitude: 11
Type: Barred spiral galaxy
Constellation: Cetus;
211,0.6609722222,+3.44277777777778,Magnitude: 14.5
Type: Lenticular galaxy
Constellation: Pisces;
212,0.6703611111,-56.1530555555556,Magnitude: 
Type: Lenticular galaxy
Constellation: Phoenix;
213,0.6861388889,+16.4688888888889,Magnitude: 14.8
Type: Spiral galaxy
Constellation: Pisces;
214,0.6910833333,+25.5002777777778,Magnitude: 13
Type: Spiral galaxy
Constellation: Andromeda;
215,0.68025,-56.2141666666667,Magnitude: 
Type: Lenticular galaxy
Constellation: Phoenix;
216,0.6906944444,-21.0452777777778,Magnitude: 13.6
Type: Lenticular galaxy
Constellation: Cetus;
217,0.6927222222,-10.0219444444444,Magnitude: 13
Type: Spiral galaxy
Constellation: Cetus;
218,0.69575,+36.3594444444444,Magnitude: 15.5
Type: Spiral galaxy
Constellation: Andromeda;
219,0.7031388889,+0.904444444444444,Magnitude: 15.6
Type: Elliptical galaxy
Constellation: Cetus;
220,0.6751388889,-73.4027777777778,Magnitude: 14.6
Type: Open cluster
Constellation: Tucana;
221,0.7116388889,+40.8658333333333,Magnitude: 9.2
Type: Elliptical galaxy
Constellation: Andromeda;
222,0.6789166667,-73.3833333333333,Magnitude: 12.8
Type: Open cluster
Constellation: Tucana;
223,0.7044166667,+0.845555555555556,Magnitude: 14.5
Type: Spiral galaxy
Constellation: Cetus;
224,0.7123055556,+41.2691666666667,Magnitude: 4.3
Type: Barred spiral galaxy
Constellation: Andromeda;
225,0.7333333333,+61.7833333333333,Magnitude: 7.4
Type: Open cluster
Constellation: Cassiopeia;
226,0.7150833333,+32.5802777777778,Magnitude: 14.4
Type: Spiral galaxy
Constellation: Andromeda;
227,0.7102777778,-1.52888888888889,Magnitude: 13.4
Type: Lenticular galaxy
Constellation: Cetus;
228,0.7151388889,+23.5033333333333,Magnitude: 14.9
Type: Spiral galaxy
Constellation: Andromeda;
229,0.7179722222,+23.5091666666667,Magnitude: 14.7
Type: Lenticular galaxy
Constellation: Andromeda;
230,0.7075277778,-23.6291666666667,Magnitude: 
Type: Spiral galaxy
Constellation: Cetus;
231,0.6850555556,-73.3519444444444,Magnitude: 13.1
Type: Open cluster
Constellation: Tucana;
232,0.7126666667,-23.5608333333333,Magnitude: 14.4
Type: Spiral galaxy
Constellation: Cetus;
233,0.7268888889,+30.5866666666667,Magnitude: 13.8
Type: Elliptical galaxy
Constellation: Andromeda;
234,0.7256666667,+14.3425,Magnitude: 13.5
Type: Spiral galaxy
Constellation: Pisces;
235,0.7145833333,-23.5411111111111,Magnitude: 14
Type: Interacting galaxies
Constellation: Cetus;
236,0.7243333333,+2.95777777777778,Magnitude: 14.5
Type: Spiral galaxy
Constellation: Pisces;
237,0.7244166667,-0.125555555555556,Magnitude: 13.6
Type: Spiral galaxy
Constellation: Cetus;
238,0.7238333333,-50.1827777777778,Magnitude: 13.1
Type: Spiral galaxy
Constellation: Phoenix;
239,0.74375,-3.75944444444444,Magnitude: 14
Type: Spiral galaxy
Constellation: Cetus;
240,0.7505555556,+6.11305555555556,Magnitude: 14.8
Type: Spiral galaxy
Constellation: Pisces;
241,0.72575,-73.4402777777778,Magnitude: 
Type: Open cluster
Constellation: Tucana;
242,0.7271111111,-73.4438888888889,Magnitude: 12.1
Type: Open cluster
Constellation: Tucana;
243,0.7668611111,+29.9594444444444,Magnitude: 14.6
Type: Lenticular galaxy
Constellation: Andromeda;
244,0.7629166667,-15.5975,Magnitude: 13
Type: Lenticular galaxy
Constellation: Cetus;
245,0.7682222222,-1.72333333333333,Magnitude: 12.9
Type: Spiral galaxy
Constellation: Cetus;
246,0.78425,-11.8719444444444,Magnitude: 11.4
Type: Planetary nebula
Constellation: Cetus;
247,0.7857222222,-20.7605555555556,Magnitude: 9.6
Type: Intermediate spiral galaxy
Constellation: Cetus;
248,0.7721111111,-73.3891666666667,Magnitude: 
Type: Diffuse nebula
Constellation: Tucana;
249,0.7530277778,-73.0713888888889,Magnitude: 
Type: Diffuse nebula
Constellation: Tucana;
250,0.7878055556,+7.91,Magnitude: 14.9
Type: Lenticular galaxy
Constellation: Pisces;
251,0.7983333333,+19.5966666666667,Magnitude: 14.6
Type: Spiral galaxy
Constellation: Pisces;
252,0.8004166667,+27.6247222222222,Magnitude: 13.5
Type: Lenticular galaxy
Constellation: Andromeda;
253,0.7925277778,-25.2883333333333,Magnitude: 8
Type: Intermediate spiral galaxy
Constellation: Sculptor;
254,0.7909722222,-31.4219444444444,Magnitude: 12.7
Type: Lenticular galaxy
Constellation: Sculptor;
255,0.7964444444,-11.4680555555556,Magnitude: 11
Type: Barred spiral galaxy
Constellation: Cetus;
256,0.7650833333,-73.5066666666667,Magnitude: 12.8
Type: Open cluster
Constellation: Tucana;
257,0.8004444444,+8.29666666666667,Magnitude: 13.7
Type: Spiral galaxy
Constellation: Pisces;
258,0.8035555556,+27.6572222222222,Magnitude: 15
Type: Lenticular galaxy
Constellation: Andromeda;
259,0.8009166667,-2.77611111111111,Magnitude: 12.5
Type: Spiral galaxy
Constellation: Cetus;
260,0.8096944444,+27.6916666666667,Magnitude: 14.3
Type: Spiral galaxy
Constellation: Andromeda;
261,0.7758333333,-73.0986111111111,Magnitude: 
Type: Diffuse nebula
Constellation: Tucana;
262,0.8130833333,+31.9569444444444,Magnitude: 15
Type: Spiral galaxy
Constellation: Andromeda;
263,0.8134444444,-13.1077777777778,Magnitude: 14
Type: Spiral galaxy
Constellation: Cetus;
264,0.8058611111,-38.2347222222222,Magnitude: 14.9
Type: Lenticular galaxy
Constellation: Sculptor;
265,0.7865555556,-73.4772222222222,Magnitude: 12.5
Type: Open cluster
Constellation: Tucana;
266,0.83,+32.2775,Magnitude: 12.6
Type: Barred spiral galaxy
Constellation: Pisces;
267,0.8104444444,-73.3163888888889,Magnitude: 
Type: Diffuse nebula
Constellation: Tucana;
268,0.8359444444,-5.19361111111111,Magnitude: 12.5
Type: Spiral galaxy
Constellation: Cetus;
269,0.8058888889,-73.5302777777778,Magnitude: 13
Type: Open cluster
Constellation: Tucana;
270,0.8423333333,-8.65138888888889,Magnitude: 13
Type: Lenticular galaxy
Constellation: Cetus;
271,0.8449722222,-1.91027777777778,Magnitude: 13.2
Type: Barred spiral galaxy
Constellation: Cetus;
272,0.85,+35.8333333333333,Magnitude: 
Type: Open cluster
Constellation: Andromeda;
273,0.8468055556,-6.88555555555556,Magnitude: 13
Type: Lenticular galaxy
Constellation: Cetus;
274,0.8505277778,-7.05722222222222,Magnitude: 13
Type: Lenticular galaxy
Constellation: Cetus;
275,0.8512222222,-7.06555555555556,Magnitude: 13
Type: Barred spiral galaxy
Constellation: Cetus;
276,0.8684444444,-22.6805555555556,Magnitude: 15.7
Type: Barred spiral galaxy
Constellation: Cetus;
277,0.8547777778,-8.59666666666667,Magnitude: 13
Type: Lenticular galaxy
Constellation: Cetus;
278,0.8678888889,+47.5502777777778,Magnitude: 10.5
Type: Spiral galaxy
Constellation: Cassiopeia;
279,0.8691666667,-2.21861111111111,Magnitude: 14
Type: Lenticular galaxy
Constellation: Cetus;
280,0.8750833333,+24.3511111111111,Magnitude: 14.6
Type: Spiral galaxy
Constellation: Andromeda;
281,0.8736388889,+56.565,Magnitude: 7.3
Type: Diffuse nebula and star cluster
Constellation: Cassiopeia;
282,0.8783888889,+30.6391666666667,Magnitude: 14.7
Type: Elliptical galaxy
Constellation: Pisces;
283,0.887,-13.1638888888889,Magnitude: 14
Type: Spiral galaxy
Constellation: Cetus;
284,0.9,-13.15,Magnitude: 15
Type: Elliptical galaxy
Constellation: Cetus;
285,0.8916111111,-13.1608333333333,Magnitude: 14.9
Type: Lenticular galaxy
Constellation: Cetus;
286,0.8917777778,-13.1127777777778,Magnitude: 14
Type: Lenticular galaxy
Constellation: Cetus;
287,0.8911944444,+32.4822222222222,Magnitude: 14.8
Type: Lenticular galaxy
Constellation: Pisces;
288,0.87925,-26.5786111111111,Magnitude: 10
Type: Globular cluster
Constellation: Sculptor;
289,0.87825,-31.2077777777778,Magnitude: 11.6
Type: Spiral galaxy
Constellation: Sculptor;
290,0.8539166667,-73.1616666666667,Magnitude: 12.1
Type: Open cluster
Constellation: Tucana;
291,0.8916111111,-8.76777777777778,Magnitude: 14
Type: Barred spiral galaxy
Constellation: Cetus;
292,0.8772222222,-72.8002777777778,Magnitude: 2.8
Type: Irregular galaxy
Constellation: Tucana;
293,0.9044444444,-7.23583333333333,Magnitude: 14
Type: Spiral galaxy
Constellation: Cetus;
294,0.8848888889,-73.3802777777778,Magnitude: 12.7
Type: Open cluster
Constellation: Tucana;
295,0.9188055556,+31.5422222222222,Magnitude: 13.5
Type: Unknown
Constellation: Pisces;
296,0.9226944444,+31.6769444444444,Magnitude: 15.4
Type: Spiral galaxy
Constellation: Pisces;
297,0.9163611111,-7.34966666666667,Magnitude: 17.3
Type: Elliptical galaxy
Constellation: Cetus;
298,0.9173055556,-7.3325,Magnitude: 13.5
Type: Spiral galaxy
Constellation: Cetus;
299,0.8901944444,-72.1966666666667,Magnitude: 12.1
Type: Open cluster
Constellation: Tucana;
300,0.9148611111,-37.6830555555556,Magnitude: 8.7
Type: Spiral galaxy
Constellation: Sculptor;
301,0.9384166667,-10.6736111111111,Magnitude: 15.5
Type: Spiral galaxy
Constellation: Cetus;
302,0.9333333333,-10.65,Magnitude: 
Type: Star
Constellation: Cetus;
303,0.91525,-16.6538888888889,Magnitude: 15.5
Type: Lenticular galaxy
Constellation: Cetus;
304,0.9350277778,+24.1275,Magnitude: 14
Type: Lenticular galaxy
Constellation: Andromeda;
305,0.9329722222,+12.1236111111111,Magnitude: 15.4
Type: Asterism
Constellation: Pisces;
306,0.9039722222,-72.2408333333333,Magnitude: 12.2
Type: Open cluster
Constellation: Tucana;
307,0.9423888889,-1.77222222222222,Magnitude: 14.1
Type: Lenticular galaxy
Constellation: Cetus;
308,0.9395555556,-1.77916666666667,Magnitude: 
Type: Star
Constellation: Cetus;
309,0.9451944444,-9.91388888888889,Magnitude: 12
Type: Spiral galaxy
Constellation: Cetus;
310,0.95,-1.76666666666667,Magnitude: 
Type: Star
Constellation: Cetus;
311,0.9591111111,+30.2805555555556,Magnitude: 14.1
Type: Lenticular galaxy
Constellation: Pisces;
312,0.9376944444,-52.7830555555556,Magnitude: 
Type: Elliptical galaxy
Constellation: Phoenix;
313,0.9666666667,+30.35,Magnitude: 
Type: Triple star
Constellation: Pisces;
314,0.9478888889,-31.9625,Magnitude: 14.5
Type: Lenticular galaxy
Constellation: Sculptor;
315,0.9635833333,+30.3525,Magnitude: 12.5
Type: Elliptical galaxy
Constellation: Pisces;
316,0.9666666667,+30.35,Magnitude: 
Type: Star
Constellation: Pisces;
317,0.96125,+43.7919444444444,Magnitude: 14.5
Type: Interacting galaxies
Constellation: Andromeda;
318,0.9681111111,+30.4255555555556,Magnitude: 15.2
Type: Lenticular galaxy
Constellation: Pisces;
319,0.9493055556,-43.8394444444444,Magnitude: 15
Type: Spiral galaxy
Constellation: Phoenix;
320,0.9795277778,-20.8402777777778,Magnitude: 15
Type: Spiral galaxy
Constellation: Cetus;
321,0.9608888889,-5.08611111111111,Magnitude: 16
Type: Elliptical galaxy
Constellation: Cetus;
322,0.9527222222,-43.7272222222222,Magnitude: 14.1
Type: Lenticular galaxy
Constellation: Phoenix;
323,0.9448333333,-52.9763888888889,Magnitude: 
Type: Elliptical galaxy
Constellation: Phoenix;
324,0.9540833333,-40.9580555555556,Magnitude: 13.5
Type: Lenticular galaxy
Constellation: Phoenix;
325,0.9632777778,-5.1125,Magnitude: 15
Type: Spiral galaxy
Constellation: Cetus;
326,0.9729722222,+26.8658333333333,Magnitude: 14.9
Type: Dumbbell galaxy
Constellation: Pisces;
327,0.9653611111,-5.13055555555556,Magnitude: 13
Type: Spiral galaxy
Constellation: Cetus;
328,0.9493055556,-52.9241666666667,Magnitude: 
Type: Spiral galaxy
Constellation: Phoenix;
329,0.9670833333,-5.07138888888889,Magnitude: 13
Type: Spiral galaxy
Constellation: Cetus;
330,0.9385277778,-72.4638888888889,Magnitude: 9.8
Type: Globular cluster
Constellation: Tucana;
331,0.9510555556,-2.7575,Magnitude: 15.2
Type: Barred spiral galaxy
Constellation: Cetus;
332,0.9803333333,+7.11111111111111,Magnitude: 14.9
Type: Lenticular galaxy
Constellation: Pisces;
333,0.9809166667,-16.4688888888889,Magnitude: 13.9
Type: Interacting galaxies
Constellation: Cetus;
334,0.9805,-35.115,Magnitude: 14
Type: Barred spiral galaxy
Constellation: Sculptor;
335,0.9888333333,-18.2347222222222,Magnitude: 15.8
Type: Spiral galaxy
Constellation: Cetus;
336,0.9828055556,-18.7436111111111,Magnitude: 
Type: Spiral galaxy
Constellation: Cetus;
337,0.9972777778,-7.57583333333333,Magnitude: 11
Type: Barred spiral galaxy
Constellation: Cetus;
338,1.0101666667,+30.6688888888889,Magnitude: 14
Type: Spiral galaxy
Constellation: Pisces;
339,0.9635833333,-74.4666666666667,Magnitude: 12
Type: Globular cluster
Constellation: Tucana;
340,1.0096944444,-6.86666666666667,Magnitude: 14
Type: Spiral galaxy
Constellation: Cetus;
341,1.0126944444,-9.18555555555556,Magnitude: 15.5
Type: Spiral galaxy
Constellation: Cetus;
342,1.0138611111,-6.7725,Magnitude: 14.5
Type: Lenticular galaxy
Constellation: Cetus;
343,0.9733055556,-23.2252777777778,Magnitude: 
Type: Interacting galaxies
Constellation: Cetus;
344,1.0265277778,-23.2647222222222,Magnitude: 
Type: Barred spiral galaxy
Constellation: Cetus;
345,1.0228055556,-6.88444444444444,Magnitude: 13.5
Type: Spiral galaxy
Constellation: Cetus;
346,0.9883333333,-72.1833333333333,Magnitude: 
Type: Open cluster
Constellation: Tucana;
347,1.0264444444,-6.73388888888889,Magnitude: 15.5
Type: Spiral galaxy
Constellation: Cetus;
348,1.0144166667,-53.2447222222222,Magnitude: 
Type: Spiral galaxy
Constellation: Phoenix;
349,1.03075,-6.8,Magnitude: 13.5
Type: Lenticular galaxy
Constellation: Cetus;
350,1.0324166667,-6.79583333333333,Magnitude: 15
Type: Lenticular galaxy
Constellation: Cetus;
351,1.03275,-1.93694444444444,Magnitude: 14.3
Type: Spiral galaxy
Constellation: Cetus;
352,1.0358333333,-4.24555555555556,Magnitude: 12.5
Type: Barred spiral galaxy
Constellation: Cetus;
353,1.0401944444,-1.95805555555556,Magnitude: 14.7
Type: Spiral galaxy
Constellation: Cetus;
354,1.0546111111,+22.3425,Magnitude: 14.2
Type: Barred spiral galaxy
Constellation: Pisces;
355,1.0519444444,-6.32388888888889,Magnitude: 15
Type: Lenticular galaxy
Constellation: Cetus;
356,1.0519722222,-6.98861111111111,Magnitude: 13.5
Type: Spiral galaxy
Constellation: Cetus;
357,1.0560833333,-6.33944444444444,Magnitude: 12
Type: Spiral galaxy
Constellation: Cetus;
358,1.0833333333,+62.0333333333333,Magnitude: 
Type: Asterism
Constellation: Cassiopeia;
359,1.0713888889,-0.765,Magnitude: 14.8
Type: Lenticular galaxy
Constellation: Cetus;
360,1.0476111111,-65.61,Magnitude: 
Type: Spiral galaxy
Constellation: Tucana;
361,1.0368888889,-71.6044444444444,Magnitude: 12.4
Type: Open cluster
Constellation: Tucana;
362,1.0539722222,-70.8483333333333,Magnitude: 8
Type: Globular cluster
Constellation: Tucana;
363,1.1043888889,-16.5427777777778,Magnitude: 15
Type: Lenticular galaxy
Constellation: Cetus;
364,1.0780555556,-0.803055555555556,Magnitude: 14.6
Type: Lenticular galaxy
Constellation: Cetus;
365,1.0718611111,-35.1202777777778,Magnitude: 12.5
Type: Barred spiral galaxy
Constellation: Sculptor;
366,1.1166666667,+62.2333333333333,Magnitude: 
Type: Open cluster
Constellation: Cassiopeia;
367,1.0969166667,-12.1283333333333,Magnitude: 15.3
Type: Spiral galaxy
Constellation: Cetus;
368,1.0727777778,-43.2769444444445,Magnitude: 
Type: Lenticular galaxy
Constellation: Phoenix;
369,1.08575,-17.7591666666667,Magnitude: 14.3
Type: Spiral galaxy
Constellation: Cetus;
370,1.1123888889,+32.4286111111111,Magnitude: 
Type: Triple star
Constellation: Pisces;
371,1.0569444444,-72.0666666666667,Magnitude: 
Type: Open cluster
Constellation: Tucana;
372,1.1166666667,+32.4333333333333,Magnitude: 
Type: Triple star
Constellation: Pisces;
373,1.1161666667,+32.3083333333333,Magnitude: 
Type: Elliptical galaxy
Constellation: Pisces;
374,1.1183333333,+32.795,Magnitude: 14.3
Type: Lenticular galaxy
Constellation: Pisces;
375,1.1183055556,+32.3480555555556,Magnitude: 16.5
Type: Elliptical galaxy
Constellation: Pisces;
376,1.0648333333,-72.8261111111111,Magnitude: 11.2
Type: Open cluster
Constellation: Tucana;
377,1.1096666667,-20.3325,Magnitude: 
Type: Spiral galaxy
Constellation: Cetus;
378,1.1033611111,-30.1783333333333,Magnitude: 
Type: Barred spiral galaxy
Constellation: Sculptor;
379,1.1210833333,+32.5205555555556,Magnitude: 14
Type: Lenticular galaxy
Constellation: Pisces;
380,1.1215833333,+32.4830555555556,Magnitude: 13.9
Type: Elliptical galaxy
Constellation: Pisces;
381,1.1388611111,+61.5838888888889,Magnitude: 9.3
Type: Open cluster
Constellation: Cassiopeia;
382,1.1233611111,+32.4038888888889,Magnitude: 14.2
Type: Elliptical galaxy
Constellation: Pisces;
383,1.1236111111,+32.4125,Magnitude: 13.6
Type: Radio galaxy
Constellation: Pisces;
384,1.1236388889,+32.2927777777778,Magnitude: 14.3
Type: Elliptical galaxy
Constellation: Pisces;
385,1.1242777778,+32.32,Magnitude: 14.3
Type: Lenticular galaxy
Constellation: Pisces;
386,1.1253888889,+32.3619444444444,Magnitude: 15.4
Type: Elliptical galaxy
Constellation: Pisces;
387,1.1258333333,+32.3911111111111,Magnitude: 17.2
Type: Elliptical galaxy
Constellation: Pisces;
388,1.1297777778,+32.31,Magnitude: 15.5
Type: Elliptical galaxy
Constellation: Pisces;
389,1.1416944444,+39.6952777777778,Magnitude: 15
Type: Lenticular galaxy
Constellation: Andromeda;
390,1.1369166667,+32.4533333333333,Magnitude: 
Type: Star
Constellation: Pisces;
391,1.1229722222,+0.925833333333333,Magnitude: 14.6
Type: Lenticular galaxy
Constellation: Cetus;
392,1.1398888889,+33.1336111111111,Magnitude: 13.9
Type: Lenticular galaxy
Constellation: Pisces;
393,1.1436388889,+39.6438888888889,Magnitude: 13.3
Type: Lenticular galaxy
Constellation: Andromeda;
394,1.1405555556,+33.1477777777778,Magnitude: 14.8
Type: Lenticular galaxy
Constellation: Pisces;
395,1.0855555556,-71.9969444444445,Magnitude: 
Type: Open cluster
Constellation: Tucana;
396,1.1356944444,+4.53083333333333,Magnitude: 16.6
Type: Lenticular galaxy
Constellation: Pisces;
397,1.1419722222,+33.1091666666667,Magnitude: 15.7
Type: Elliptical galaxy
Constellation: Pisces;
398,1.1482777778,+32.5144444444444,Magnitude: 15.4
Type: Lenticular galaxy
Constellation: Pisces;
399,1.1498055556,+32.6341666666667,Magnitude: 14.5
Type: Barred spiral galaxy
Constellation: Pisces;
400,1.15,+32.7333333333333,Magnitude: 
Type: Star
Constellation: Pisces;
401,1.15,+32.7666666666667,Magnitude: 
Type: Star
Constellation: Pisces;
402,1.15,+32.8166666666667,Magnitude: 
Type: Star
Constellation: Pisces;
403,1.154,+32.7522222222222,Magnitude: 13.3
Type: Lenticular galaxy
Constellation: Pisces;
404,1.1575,+35.7180555555556,Magnitude: 11.3
Type: Lenticular galaxy
Constellation: Andromeda;
405,1.1333333333,-46.6666666666667,Magnitude: 
Type: Double star
Constellation: Phoenix;
406,1.1233611111,-69.8763888888889,Magnitude: 12.5
Type: Spiral galaxy
Constellation: Tucana;
407,1.1768611111,+33.1266666666667,Magnitude: 14.3
Type: Spiral galaxy
Constellation: Pisces;
408,1.1833333333,+33.1,Magnitude: 
Type: Star
Constellation: Pisces;
409,1.1592222222,-35.8052777777778,Magnitude: 12
Type: Elliptical galaxy
Constellation: Sculptor;
410,1.1830833333,+33.1519444444444,Magnitude: 12.6
Type: Elliptical galaxy
Constellation: Pisces;
411,1.1322222222,-71.7680555555556,Magnitude: 11
Type: Open cluster
Constellation: Tucana;
412,1.1723611111,-20.0158333333333,Magnitude: 
Type: Unknown
Constellation: Cetus;
413,1.20875,-2.79361111111111,Magnitude: 14
Type: Spiral galaxy
Constellation: Cetus;
414,1.18825,+33.1133333333333,Magnitude: 14.5
Type: Interacting galaxies
Constellation: Pisces;
415,1.1682222222,-35.4911111111111,Magnitude: 13
Type: Spiral galaxy
Constellation: Sculptor;
416,1.1330555556,-72.3555555555556,Magnitude: 11.4
Type: Globular cluster
Constellation: Tucana;
417,1.1848888889,-18.1483333333333,Magnitude: 15.2
Type: Lenticular galaxy
Constellation: Cetus;
418,1.1765833333,-30.2197222222222,Magnitude: 12.9
Type: Spiral galaxy
Constellation: Sculptor;
419,1.13875,-72.8841666666667,Magnitude: 10.6
Type: Globular cluster
Constellation: Tucana;
420,1.2027222222,+32.1233333333333,Magnitude: 13.4
Type: Lenticular galaxy
Constellation: Pisces;
421,1.2,+32.15,Magnitude: 
Type: Unknown
Constellation: Pisces;
422,1.1568055556,-71.7663888888889,Magnitude: 13.5
Type: Open cluster
Constellation: Tucana;
423,1.1896388889,-29.2352777777778,Magnitude: 
Type: Spiral galaxy
Constellation: Sculptor;
424,1.1909722222,-38.0836111111111,Magnitude: 12
Type: Spiral galaxy
Constellation: Sculptor;
425,1.2174722222,+38.7686111111111,Magnitude: 13.5
Type: Spiral galaxy
Constellation: Andromeda;
426,1.2135277778,-0.290555555555556,Magnitude: 14.4
Type: Elliptical galaxy
Constellation: Cetus;
427,1.2053333333,-32.0619444444444,Magnitude: 14.9
Type: Spiral galaxy
Constellation: Sculptor;
428,1.2155,+0.981111111111111,Magnitude: 11.9
Type: Irregular galaxy
Constellation: Cetus;
429,1.2159444444,-0.345,Magnitude: 14.4
Type: Lenticular galaxy
Constellation: Cetus;
430,1.2166944444,-0.2525,Magnitude: 13.6
Type: Elliptical galaxy
Constellation: Cetus;
431,1.2346388889,+33.7041666666667,Magnitude: 14
Type: Lenticular galaxy
Constellation: Andromeda;
432,1.1961666667,-61.5277777777778,Magnitude: 
Type: Lenticular galaxy
Constellation: Tucana;
433,1.25,+60.1333333333333,Magnitude: 
Type: Open cluster
Constellation: Cassiopeia;
434,1.2037777778,-58.2463888888889,Magnitude: 13
Type: Spiral galaxy
Constellation: Tucana;
435,1.2333333333,+2.07111111111111,Magnitude: 15
Type: Spiral galaxy
Constellation: Cetus;
436,1.2666666667,+58.8166666666667,Magnitude: 8
Type: Open cluster
Constellation: Cassiopeia;
437,1.2395555556,+5.92722222222222,Magnitude: 14
Type: Spiral galaxy
Constellation: Pisces;
438,1.2259722222,-37.9022222222222,Magnitude: 12
Type: Spiral galaxy
Constellation: Sculptor;
439,1.2298055556,-31.7477777777778,Magnitude: 13
Type: Lenticular galaxy
Constellation: Sculptor;
440,1.2134722222,-58.2827777777778,Magnitude: 13.7
Type: Spiral galaxy
Constellation: Tucana;
441,1.2308888889,-31.7888888888889,Magnitude: 
Type: Spiral galaxy
Constellation: Sculptor;
442,1.2440277778,-1.02055555555556,Magnitude: 14.5
Type: Spiral galaxy
Constellation: Cetus;
443,1.2521111111,+33.3772222222222,Magnitude: 14.4
Type: Spiral galaxy
Constellation: Pisces;
444,1.2638055556,+31.0805555555556,Magnitude: 14.7
Type: Spiral galaxy
Constellation: Pisces;
445,1.2440833333,+1.82916666666667,Magnitude: 15
Type: Lenticular galaxy
Constellation: Cetus;
446,1.2676944444,+4.29388888888889,Magnitude: 13.8
Type: Lenticular galaxy
Constellation: Pisces;
447,1.2604722222,+33.0677777777778,Magnitude: 14
Type: Spiral galaxy
Constellation: Pisces;
448,1.2546388889,-1.62638888888889,Magnitude: 13.2
Type: Lenticular galaxy
Constellation: Cetus;
449,1.2686666667,+33.0894444444444,Magnitude: 15.5
Type: Spiral galaxy
Constellation: Pisces;
450,1.2591111111,-0.854722222222222,Magnitude: 13
Type: Spiral galaxy
Constellation: Cetus;
451,1.2701111111,+33.0641666666667,Magnitude: 15.5
Type: Spiral galaxy
Constellation: Pisces;
452,1.2708333333,+31.0336111111111,Magnitude: 14
Type: Spiral galaxy
Constellation: Pisces;
453,1.2666666667,+33.0833333333333,Magnitude: 
Type: Triple star
Constellation: Pisces;
454,1.2405833333,-55.3944444444444,Magnitude: 13.4
Type: Interacting galaxies
Constellation: Phoenix;
455,1.2660277778,+5.17833333333333,Magnitude: 13.9
Type: Spiral galaxy
Constellation: Pisces;
456,1.2333333333,-73.2666666666667,Magnitude: 14.2
Type: Open cluster
Constellation: Tucana;
457,1.3277777778,+58.2833333333333,Magnitude: 7
Type: Open cluster
Constellation: Cassiopeia;
458,1.2481666667,-71.5497222222222,Magnitude: 11.9
Type: Open cluster
Constellation: Tucana;
459,1.3023055556,+17.5622222222222,Magnitude: 15.7
Type: Spiral galaxy
Constellation: Pisces;
460,1.2448611111,-73.2975,Magnitude: 
Type: Open cluster
Constellation: Tucana;
461,1.2890277778,-33.8402777777778,Magnitude: 13
Type: Spiral galaxy
Constellation: Sculptor;
462,1.3030555556,+4.22611111111111,Magnitude: 
Type: Galaxy
Constellation: Pisces;
463,1.3161944444,+16.3255555555556,Magnitude: 15.2
Type: Lenticular galaxy
Constellation: Pisces;
464,1.3184444444,+34.9466666666667,Magnitude: 
Type: Double star
Constellation: Andromeda;
465,1.2666666667,-73.3166666666667,Magnitude: 
Type: Open cluster
Constellation: Tucana;
466,1.2870555556,-58.9097222222222,Magnitude: 
Type: Lenticular galaxy
Constellation: Tucana;
467,1.3195,+3.30055555555556,Magnitude: 13.3
Type: Lenticular galaxy
Constellation: Pisces;
468,1.3301388889,+32.7672222222222,Magnitude: 15.1
Type: Galaxy
Constellation: Pisces;
469,1.3258333333,+14.8713888888889,Magnitude: 15
Type: Galaxy
Constellation: Pisces;
470,1.3291666667,+3.40972222222222,Magnitude: 12.4
Type: Spiral galaxy
Constellation: Pisces;
471,1.3331944444,+14.7866666666667,Magnitude: 14
Type: Lenticular galaxy
Constellation: Pisces;
472,1.3413333333,+32.7088888888889,Magnitude: 14.2
Type: Galaxy
Constellation: Pisces;
473,1.3319722222,+16.5444444444444,Magnitude: 13.4
Type: Spiral galaxy
Constellation: Pisces;
474,1.3352222222,+3.41555555555556,Magnitude: 12.9
Type: Lenticular galaxy
Constellation: Pisces;
475,1.3338888889,+14.8611111111111,Magnitude: 17.4
Type: Galaxy
Constellation: Pisces;
476,1.3388333333,+16.02,Magnitude: 15.2
Type: Galaxy
Constellation: Pisces;
477,1.3556388889,+40.4886111111111,Magnitude: 14
Type: Spiral galaxy
Constellation: Andromeda;
478,1.3359166667,-22.3775,Magnitude: 14.8
Type: Spiral galaxy
Constellation: Cetus;
479,1.3544166667,+3.86222222222222,Magnitude: 15.1
Type: Spiral galaxy
Constellation: Pisces;
480,1.3428611111,-9.88027777777778,Magnitude: 16.3
Type: Galaxy
Constellation: Cetus;
481,1.3534444444,-9.21111111111111,Magnitude: 14
Type: Lenticular galaxy
Constellation: Cetus;
482,1.339,-40.9666666666667,Magnitude: 14.5
Type: Spiral galaxy
Constellation: Phoenix;
483,1.3656666667,+33.5211111111111,Magnitude: 14
Type: Spiral galaxy
Constellation: Pisces;
484,1.3263611111,-58.5247222222222,Magnitude: 13
Type: Elliptical galaxy
Constellation: Tucana;
485,1.3576944444,+7.01777777777778,Magnitude: 14.2
Type: Spiral galaxy
Constellation: Pisces;
486,1.3696111111,+5.41111111111111,Magnitude: 
Type: Galaxy
Constellation: Pisces;
487,1.3653055556,-16.3702777777778,Magnitude: 14
Type: Spiral galaxy
Constellation: Cetus;
488,1.3630555556,+5.255,Magnitude: 11.4
Type: Spiral galaxy
Constellation: Pisces;
489,1.365,+9.20666666666667,Magnitude: 13.4
Type: Lenticular galaxy
Constellation: Pisces;
490,1.3674722222,+5.36722222222222,Magnitude: 15.6
Type: Spiral galaxy
Constellation: Pisces;
491,1.3556388889,-34.0633333333333,Magnitude: 13.2
Type: Spiral galaxy
Constellation: Sculptor;
492,1.3704444444,+5.41694444444445,Magnitude: 15.5
Type: Galaxy
Constellation: Pisces;
493,1.3693055556,+0.946666666666667,Magnitude: 13
Type: Spiral galaxy
Constellation: Cetus;
494,1.3820555556,+33.1738888888889,Magnitude: 13.8
Type: Spiral galaxy
Constellation: Pisces;
495,1.38225,+33.4713888888889,Magnitude: 14
Type: Spiral galaxy
Constellation: Pisces;
496,1.3865277778,+33.5291666666667,Magnitude: 14.3
Type: Spiral galaxy
Constellation: Pisces;
497,1.3733055556,-0.875555555555555,Magnitude: 14.1
Type: Spiral galaxy
Constellation: Cetus;
498,1.3864722222,+33.4894444444444,Magnitude: 16
Type: Lenticular galaxy
Constellation: Pisces;
499,1.3865277778,+33.4602777777778,Magnitude: 13.3
Type: Lenticular galaxy
Constellation: Pisces;
500,1.3776111111,+5.38722222222222,Magnitude: 15.2
Type: Galaxy
Constellation: Pisces;
501,1.3895555556,+33.4330555555556,Magnitude: 15.2
Type: Elliptical galaxy
Constellation: Pisces;
502,1.3821388889,+9.04916666666667,Magnitude: 13.8
Type: Lenticular galaxy
Constellation: Pisces;
503,1.3912222222,+33.3316666666667,Magnitude: 15.1
Type: Elliptical galaxy
Constellation: Pisces;
504,1.3911111111,+33.2044444444444,Magnitude: 14
Type: Lenticular galaxy
Constellation: Pisces;
505,1.3825555556,+9.46888888888889,Magnitude: 15.1
Type: Lenticular galaxy
Constellation: Pisces;
506,1.4,+33.2333333333333,Magnitude: 14.9
Type: Star
Constellation: Pisces;
507,1.3944444444,+33.2561111111111,Magnitude: 13
Type: Lenticular galaxy
Constellation: Pisces;
508,1.3946111111,+33.2805555555556,Magnitude: 14.5
Type: Elliptical galaxy
Constellation: Pisces;
509,1.3900555556,+9.43361111111111,Magnitude: 14.7
Type: Lenticular galaxy
Constellation: Pisces;
510,1.4,+33.4333333333333,Magnitude: 
Type: Double star
Constellation: Pisces;
511,1.3918888889,+11.2908333333333,Magnitude: 15.4
Type: Elliptical galaxy
Constellation: Pisces;
512,1.3999722222,+33.9080555555556,Magnitude: 14
Type: Spiral galaxy
Constellation: Andromeda;
513,1.4074722222,+33.7991666666667,Magnitude: 13.4
Type: Spiral galaxy
Constellation: Andromeda;
514,1.4011111111,+12.9172222222222,Magnitude: 12.8
Type: Spiral galaxy
Constellation: Pisces;
515,1.4107222222,+33.4727777777778,Magnitude: 14.3
Type: Lenticular galaxy
Constellation: Pisces;
516,1.40225,+9.55166666666667,Magnitude: 14.3
Type: Lenticular galaxy
Constellation: Pisces;
517,1.4121944444,+33.4297222222222,Magnitude: 13.6
Type: Lenticular galaxy
Constellation: Pisces;
518,1.4049444444,+9.33083333333333,Magnitude: 14.4
Type: Spiral galaxy
Constellation: Pisces;
519,1.4079722222,-1.64194444444444,Magnitude: 15.3
Type: Elliptical galaxy
Constellation: Cetus;
520,1.4098333333,+3.79027777777778,Magnitude: 12.4
Type: Interacting galaxies
Constellation: Pisces;
521,1.4093888889,+1.73138888888889,Magnitude: 12.9
Type: Spiral galaxy
Constellation: Cetus;
522,1.41275,+9.99472222222222,Magnitude: 14.2
Type: Spiral galaxy
Constellation: Pisces;
523,1.4224722222,+34.0247222222222,Magnitude: 13.5
Type: Irregular galaxy
Constellation: Andromeda;
524,1.41325,+9.53888888888889,Magnitude: 11.5
Type: Lenticular galaxy
Constellation: Pisces;
525,1.4147222222,+9.70305555555555,Magnitude: 14.5
Type: Lenticular galaxy
Constellation: Pisces;
526,1.3983888889,-35.0652777777778,Magnitude: 14.5
Type: Interacting galaxies
Constellation: Sculptor;
527,1.3995,-35.1141666666667,Magnitude: 13
Type: Spiral galaxy
Constellation: Sculptor;
528,1.426,+33.6711111111111,Magnitude: 13.7
Type: Lenticular galaxy
Constellation: Andromeda;
529,1.4278888889,+34.7127777777778,Magnitude: 13.1
Type: Elliptical galaxy
Constellation: Andromeda;
530,1.4116111111,-1.58777777777778,Magnitude: 14
Type: Lenticular galaxy
Constellation: Cetus;
531,1.4386388889,+34.7538888888889,Magnitude: 14.9
Type: Spiral galaxy
Constellation: Andromeda;
532,1.4214722222,+9.26416666666667,Magnitude: 13.5
Type: Spiral galaxy
Constellation: Pisces;
533,1.4254166667,+1.75888888888889,Magnitude: 13.1
Type: Elliptical galaxy
Constellation: Cetus;
534,1.4124166667,-38.1291666666667,Magnitude: 14
Type: Lenticular galaxy
Constellation: Sculptor;
535,1.4253333333,-1.40888888888889,Magnitude: 14.9
Type: Lenticular galaxy
Constellation: Cetus;
536,1.4394166667,+34.7030555555556,Magnitude: 13.2
Type: Spiral galaxy
Constellation: Andromeda;
537,1.4224722222,+34.0247222222222,Magnitude: 13.5
Type: Irregular galaxy
Constellation: Andromeda;
538,1.4239444444,-1.55111111111111,Magnitude: 14.7
Type: Spiral galaxy
Constellation: Cetus;
539,1.4226944444,-18.1638888888889,Magnitude: 13.9
Type: Spiral galaxy
Constellation: Cetus;
540,1.4524722222,-20.0366666666667,Magnitude: 
Type: Lenticular galaxy
Constellation: Cetus;
541,1.4289722222,-1.37972222222222,Magnitude: 14.6
Type: Lenticular galaxy
Constellation: Cetus;
542,1.4419166667,+34.6755555555556,Magnitude: 15.4
Type: Spiral galaxy
Constellation: Andromeda;
543,1.4305555556,-1.29277777777778,Magnitude: 15
Type: Lenticular galaxy
Constellation: Cetus;
544,1.42,-38.0938888888889,Magnitude: 15.1
Type: Lenticular galaxy
Constellation: Sculptor;
545,1.4331111111,-1.34027777777778,Magnitude: 14.4
Type: Lenticular galaxy
Constellation: Cetus;
546,1.4202222222,-38.0697222222222,Magnitude: 14.8
Type: Spiral galaxy
Constellation: Sculptor;
547,1.4335555556,-1.34527777777778,Magnitude: 14.4
Type: Elliptical galaxy
Constellation: Cetus;
548,1.4340555556,-1.22583333333333,Magnitude: 15.1
Type: Elliptical galaxy
Constellation: Cetus;
549,1.4245277778,-38.2675,Magnitude: 13
Type: Spiral galaxy
Constellation: Sculptor;
550,1.4451666667,+2.02222222222222,Magnitude: 13.6
Type: Spiral galaxy
Constellation: Cetus;
551,1.4613333333,+37.1827777777778,Magnitude: 13.5
Type: Spiral galaxy
Constellation: Andromeda;
552,1.4666666667,+33.4666666666667,Magnitude: 
Type: (Identification uncertain)
Constellation: Pisces;
553,1.4368333333,+33.405,Magnitude: 
Type: Lenticular galaxy
Constellation: Pisces;
554,1.4526666667,-22.7252777777778,Magnitude: 
Type: Interacting galaxies
Constellation: Cetus;
555,1.4532777778,-22.7622222222222,Magnitude: 
Type: Spiral galaxy
Constellation: Cetus;
556,1.4535,-22.6977777777778,Magnitude: 
Type: Lenticular galaxy
Constellation: Cetus;
557,1.4403333333,-1.63916666666667,Magnitude: 14.2
Type: Lenticular galaxy
Constellation: Cetus;
558,1.4545,-1.97083333333333,Magnitude: 15
Type: Elliptical galaxy
Constellation: Cetus;
559,1.4893333333,+63.28,Magnitude: 9.9
Type: Open cluster
Constellation: Cassiopeia;
560,1.4570555556,-1.91361111111111,Magnitude: 14
Type: lenticular galaxy
Constellation: Cetus;
561,1.4719166667,+34.3083333333333,Magnitude: 14.1
Type: Spiral galaxy
Constellation: Andromeda;
562,1.4748333333,+48.3869444444444,Magnitude: 14.5
Type: Spiral galaxy
Constellation: Andromeda;
563,1.4528055556,-18.6533333333333,Magnitude: 14.2
Type: Spiral galaxy
Constellation: Cetus;
564,1.4634166667,-1.88,Magnitude: 13.8
Type: Elliptical galaxy
Constellation: Cetus;
565,1.4695,-1.30611111111111,Magnitude: 14.5
Type: Spiral galaxy
Constellation: Cetus;
566,1.4841944444,+32.3322222222222,Magnitude: 14.6
Type: Lenticular galaxy
Constellation: Pisces;
567,1.4506666667,-10.2652777777778,Magnitude: 14
Type: Galaxy
Constellation: Cetus;
568,1.4657777778,-35.7166666666667,Magnitude: 12.5
Type: Lenticular galaxy
Constellation: Sculptor;
569,1.4853611111,+11.1308333333333,Magnitude: 14.7
Type: Spiral galaxy
Constellation: Pisces;
570,1.4829722222,-0.949166666666667,Magnitude: 14.2
Type: Spiral galaxy
Constellation: Cetus;
571,1.4989444444,+32.5008333333333,Magnitude: 15
Type: Spiral galaxy
Constellation: Pisces;
572,1.4768055556,-39.3075,Magnitude: 15.5
Type: Lenticular galaxy
Constellation: Sculptor;
573,1.5137222222,+41.2572222222222,Magnitude: 13.5
Type: Spiral galaxy
Constellation: Andromeda;
574,1.4841666667,-35.5988888888889,Magnitude: 14
Type: Spiral galaxy
Constellation: Sculptor;
575,1.5129722222,+21.4402777777778,Magnitude: 13.8
Type: Spiral galaxy
Constellation: Pisces;
576,1.4826111111,-51.5988888888889,Magnitude: 
Type: Spiral galaxy
Constellation: Phoenix;
577,1.5113333333,-1.99472222222222,Magnitude: 14.3
Type: Spiral galaxy
Constellation: Cetus;
578,1.5079722222,-22.6669444444444,Magnitude: 11.5
Type: Spiral galaxy
Constellation: Cetus;
579,1.5296388889,+33.6155555555556,Magnitude: 13.6
Type: Spiral galaxy
Constellation: Triangulum;
580,1.5113333333,-1.99472222222222,Magnitude: 14.3
Type: Spiral galaxy
Constellation: Cetus;
581,1.55,+60.65,Magnitude: 7.7
Type: Open cluster
Constellation: Cassiopeia;
582,1.5328055556,+33.4761111111111,Magnitude: 13.7
Type: Spiral galaxy
Constellation: Triangulum;
583,1.4956111111,-18.3394444444444,Magnitude: 15
Type: Lenticular galaxy
Constellation: Cetus;
584,1.5224166667,-6.86833333333333,Magnitude: 12
Type: Elliptical galaxy
Constellation: Cetus;
585,1.5283611111,-0.933055555555555,Magnitude: 14.4
Type: Spiral galaxy
Constellation: Cetus;
586,1.5269166667,-6.89388888888889,Magnitude: 14
Type: Spiral galaxy
Constellation: Cetus;
587,1.5426388889,+35.3583333333333,Magnitude: 13.7
Type: Spiral galaxy
Constellation: Triangulum;
588,1.5458888889,+30.6483333333333,Magnitude: 11.5
Type: Diffuse nebula
Constellation: Triangulum;
589,1.5444166667,-12.0427777777778,Magnitude: 15
Type: Spiral galaxy
Constellation: Cetus;
590,1.5614166667,+44.9288888888889,Magnitude: 14.2
Type: Spiral galaxy
Constellation: Andromeda;
591,1.5586944444,+35.6680555555556,Magnitude: 14.5
Type: Lenticular galaxy
Constellation: Andromeda;
592,1.5500277778,+30.5769444444444,Magnitude: 13
Type: Diffuse nebula
Constellation: Triangulum;
593,1.5391111111,-12.3547222222222,Magnitude: 14
Type: Lenticular galaxy
Constellation: Cetus;
594,1.5491111111,-16.5361111111111,Magnitude: 13.9
Type: Spiral galaxy
Constellation: Cetus;
595,1.5598611111,+30.6977777777778,Magnitude: 13.1
Type: Diffuse nebula
Constellation: Triangulum;
596,1.5478055556,-7.03194444444444,Magnitude: 11.5
Type: Elliptical galaxy
Constellation: Cetus;
597,1.5374444444,-33.4975,Magnitude: 14.5
Type: Spiral galaxy
Constellation: Sculptor;
598,1.5641666667,+30.6602777777778,Magnitude: 6.3
Type: Spiral galaxy
Constellation: Triangulum;
599,1.5482777778,-12.1913888888889,Magnitude: 13.7
Type: Lenticular galaxy
Constellation: Cetus;
600,1.5515,-7.31138888888889,Magnitude: 12.5
Type: Spiral galaxy
Constellation: Cetus;
601,1.5482777778,-12.1913888888889,Magnitude: 13
Type: Galaxy
Constellation: Cetus;
602,1.5,-73.5666666666667,Magnitude: 
Type: Open cluster
Constellation: Hydrus;
603,1.5788888889,+30.2333333333333,Magnitude: 14
Type: Triple star
Constellation: Triangulum;
604,1.5758888889,+30.785,Magnitude: 11.5
Type: Diffuse nebula
Constellation: Triangulum;
605,1.5840277778,+41.2480555555556,Magnitude: 14.3
Type: Lenticular galaxy
Constellation: Andromeda;
606,1.5806111111,+21.4180555555556,Magnitude: 14.5
Type: Spiral galaxy
Constellation: Pisces;
607,1.5666666667,-7.41666666666667,Magnitude: 
Type: Triple star
Constellation: Cetus;
608,1.5911944444,+33.6563888888889,Magnitude: 14
Type: Spiral galaxy
Constellation: Triangulum;
609,1.6069166667,+64.5366666666667,Magnitude: 12.3
Type: Open cluster
Constellation: Cassiopeia;
610,1.5666666667,-20.15,Magnitude: 
Type: Unknown
Constellation: Cetus;
611,1.5666666667,-20.1333333333333,Magnitude: 
Type: Unknown
Constellation: Cetus;
612,1.5660277778,-36.4930555555556,Magnitude: 14.2
Type: Lenticular galaxy
Constellation: Sculptor;
613,1.5717222222,-29.4183333333333,Magnitude: 10.8
Type: Spiral galaxy
Constellation: Sculptor;
614,1.5978611111,+33.6816666666667,Magnitude: 13.9
Type: Lenticular galaxy
Constellation: Triangulum;
615,1.5849166667,-7.34083333333333,Magnitude: 12
Type: Spiral galaxy
Constellation: Cetus;
616,1.6,+33.7666666666667,Magnitude: 
Type: Double star
Constellation: Triangulum;
617,1.5674166667,-9.77444444444445,Magnitude: 15.2
Type: Galaxy
Constellation: Cetus;
618,1.5978611111,+33.6816666666667,Magnitude: 13.9
Type: Lenticular galaxy
Constellation: Triangulum;
619,1.5810277778,-36.4891666666667,Magnitude: 14
Type: Spiral galaxy
Constellation: Sculptor;
620,1.6166666667,+42.3222222222222,Magnitude: 13.9
Type: Irregular galaxy
Constellation: Andromeda;
621,1.6136666667,+35.5119444444444,Magnitude: 14.2
Type: Lenticular galaxy
Constellation: Triangulum;
622,1.6000277778,+0.663611111111111,Magnitude: 14.1
Type: Spiral galaxy
Constellation: Cetus;
623,1.5850833333,-36.4897222222222,Magnitude: 13.5
Type: Elliptical galaxy
Constellation: Sculptor;
624,1.5975,-10.0027777777778,Magnitude: 14
Type: Spiral galaxy
Constellation: Cetus;
625,1.5846388889,-41.4372222222222,Magnitude: 12.2
Type: Irregular galaxy
Constellation: Phoenix;
626,1.5866666667,-39.1447222222222,Magnitude: 14
Type: Spiral galaxy
Constellation: Sculptor;
627,1.5978611111,+33.6816666666667,Magnitude: 13.9
Type: Lenticular galaxy
Constellation: Triangulum;
628,1.6116111111,+15.7833333333333,Magnitude: 10.5
Type: Spiral galaxy
Constellation: Pisces;
629,1.6666666667,+72.8833333333333,Magnitude: 
Type: Asterism
Constellation: Cassiopeia;
630,1.5934722222,-39.3577777777778,Magnitude: 13.5
Type: Elliptical galaxy
Constellation: Sculptor;
631,1.6130833333,+5.835,Magnitude: 15
Type: Elliptical galaxy
Constellation: Pisces;
632,1.6215833333,+5.87722222222222,Magnitude: 13.5
Type: Lenticular galaxy
Constellation: Pisces;
633,1.6065277778,-37.3211111111111,Magnitude: 12.9
Type: Spiral galaxy
Constellation: Sculptor;
634,1.6385277778,+35.3647222222222,Magnitude: 14
Type: Spiral galaxy
Constellation: Triangulum;
635,1.6382777778,-22.9288888888889,Magnitude: 
Type: Spiral galaxy
Constellation: Cetus;
636,1.6518055556,-7.51277777777778,Magnitude: 12.5
Type: Elliptical galaxy
Constellation: Cetus;
637,1.7166666667,+64.0333333333333,Magnitude: 8.6
Type: Open cluster
Constellation: Cassiopeia;
638,1.6605277778,+7.23722222222222,Magnitude: 14.4
Type: Spiral galaxy
Constellation: Pisces;
639,1.64975,-29.9252777777778,Magnitude: 15.4
Type: Spiral galaxy
Constellation: Sculptor;
640,1.6568888889,-9.40083333333333,Magnitude: 15
Type: Spiral galaxy
Constellation: Cetus;
641,1.6442222222,-42.5269444444445,Magnitude: 13
Type: Elliptical galaxy
Constellation: Phoenix;
642,1.6518055556,-29.9155555555556,Magnitude: 13.1
Type: Spiral galaxy
Constellation: Sculptor;
643,1.5836388889,-75.5572222222222,Magnitude: 
Type: Open cluster
Constellation: Hydrus;
644,1.6480277778,-42.5852777777778,Magnitude: 15
Type: Spiral galaxy
Constellation: Phoenix;
645,1.6691111111,+5.72666666666667,Magnitude: 13.8
Type: Spiral galaxy
Constellation: Pisces;
646,1.6232222222,-64.8958333333333,Magnitude: 13.6
Type: Interacting galaxies
Constellation: Hydrus;
647,1.6656111111,-9.2425,Magnitude: 15
Type: Lenticular galaxy
Constellation: Cetus;
648,1.6443333333,-17.8311111111111,Magnitude: 14.4
Type: Lenticular galaxy
Constellation: Cetus;
649,1.6687222222,-9.27194444444445,Magnitude: 14.7
Type: Spiral galaxy
Constellation: Cetus;
650,1.7055277778,+51.5752777777778,Magnitude: 16.1
Type: Planetary nebula
Constellation: Perseus;
651,1.7055277778,+51.5752777777778,Magnitude: 16.1
Type: Planetary nebula
Constellation: Perseus;
652,1.6786944444,+7.98194444444444,Magnitude: 14.7
Type: Spiral galaxy
Constellation: Pisces;
653,1.7071944444,+35.6383333333333,Magnitude: 14.1
Type: Spiral galaxy
Constellation: Andromeda;
654,1.7333333333,+61.8833333333333,Magnitude: 7.4
Type: Open cluster
Constellation: Cassiopeia;
655,1.6986388889,-13.0816666666667,Magnitude: 14
Type: Lenticular galaxy
Constellation: Cetus;
656,1.7076111111,+26.1427777777778,Magnitude: 13.5
Type: Lenticular galaxy
Constellation: Pisces;
657,1.7333333333,+55.8666666666667,Magnitude: 
Type: Open cluster
Constellation: Cassiopeia;
658,1.7027222222,+12.6019444444444,Magnitude: 13.6
Type: Spiral galaxy
Constellation: Pisces;
659,1.7333333333,+60.6666666666667,Magnitude: 8.4
Type: Open cluster
Constellation: Cassiopeia;
660,1.7171388889,+13.6433333333333,Magnitude: 12.8
Type: Spiral galaxy
Constellation: Pisces;
661,1.7373888889,+28.7058333333333,Magnitude: 13
Type: Elliptical galaxy
Constellation: Triangulum;
662,1.7432222222,+37.6958333333333,Magnitude: 13.6
Type: Spiral galaxy
Constellation: Andromeda;
663,1.7666666667,+61.2333333333333,Magnitude: 7.8
Type: Open cluster
Constellation: Cassiopeia;
664,1.7294166667,+4.22277777777778,Magnitude: 13.9
Type: Spiral galaxy
Constellation: Pisces;
665,1.7489444444,+10.4230555555556,Magnitude: 13.5
Type: Lenticular galaxy
Constellation: Pisces;
666,1.7684166667,+34.3741666666667,Magnitude: 13.6
Type: Spiral galaxy
Constellation: Triangulum;
667,1.7490833333,-22.9191666666667,Magnitude: 
Type: Lenticular galaxy
Constellation: Cetus;
668,1.7729722222,+36.46,Magnitude: 13.5
Type: Spiral galaxy
Constellation: Andromeda;
669,1.7878888889,+35.5627777777778,Magnitude: 12.9
Type: Spiral galaxy
Constellation: Triangulum;
670,1.7903055556,+27.8858333333333,Magnitude: 13.5
Type: Lenticular galaxy
Constellation: Triangulum;
671,1.7831111111,+13.125,Magnitude: 14.3
Type: Spiral galaxy
Constellation: Aries;
672,1.7983611111,+27.4322222222222,Magnitude: 11.4
Type: Spiral galaxy
Constellation: Triangulum;
673,1.8062777778,+11.5211111111111,Magnitude: 13.3
Type: Spiral galaxy
Constellation: Aries;
674,1.8548888889,+22.3577777777778,Magnitude: 12.7
Type: Spiral galaxy
Constellation: Aries;
675,1.8190555556,+13.0594444444444,Magnitude: 15.5
Type: Spiral galaxy
Constellation: Aries;
676,1.8159444444,+5.90722222222222,Magnitude: 12
Type: Spiral galaxy
Constellation: Pisces;
677,1.8205833333,+13.0552777777778,Magnitude: 14.3
Type: Elliptical galaxy
Constellation: Aries;
678,1.8235833333,+21.9966666666667,Magnitude: 13.3
Type: Spiral galaxy
Constellation: Aries;
679,1.8288611111,+35.7852777777778,Magnitude: 13.1
Type: Lenticular galaxy
Constellation: Andromeda;
680,1.8298333333,+21.9705555555555,Magnitude: 13
Type: Elliptical galaxy
Constellation: Aries;
681,1.8196388889,-10.4263888888889,Magnitude: 12
Type: Spiral galaxy
Constellation: Cetus;
682,1.8179166667,-14.9747222222222,Magnitude: 13
Type: Lenticular galaxy
Constellation: Cetus;
683,1.8296666667,+11.7008333333333,Magnitude: 14.8
Type: Spiral galaxy
Constellation: Aries;
684,1.8372222222,+27.6458333333333,Magnitude: 13.2
Type: Spiral galaxy
Constellation: Triangulum;
685,1.7953055556,-52.7611111111111,Magnitude: 12
Type: Spiral galaxy
Constellation: Eridanus;
686,1.8156388889,-23.7986111111111,Magnitude: 13
Type: Lenticular galaxy
Constellation: Fornax;
687,1.8425833333,+36.3705555555556,Magnitude: 14.4
Type: Lenticular galaxy
Constellation: Andromeda;
688,1.8456388889,+35.2841666666667,Magnitude: 13.3
Type: Spiral galaxy
Constellation: Triangulum;
689,1.8310555556,-27.4655555555556,Magnitude: 14.4
Type: Spiral galaxy
Constellation: Fornax;
690,1.7967222222,-16.7219444444444,Magnitude: 14.4
Type: Spiral galaxy
Constellation: Cetus;
691,1.8449166667,+21.7594444444444,Magnitude: 13.5
Type: Spiral galaxy
Constellation: Aries;
692,1.8116666667,-48.6491666666667,Magnitude: 
Type: Spiral galaxy
Constellation: Phoenix;
693,1.8419166667,+6.14472222222222,Magnitude: 13.5
Type: Spiral galaxy
Constellation: Pisces;
694,1.8496111111,+21.9966666666667,Magnitude: 13.9
Type: Lenticular galaxy
Constellation: Aries;
695,1.854,+22.5822222222222,Magnitude: 13.7
Type: Lenticular galaxy
Constellation: Aries;
696,1.82525,-34.9061111111111,Magnitude: 13.5
Type: Lenticular galaxy
Constellation: Fornax;
697,1.8548888889,+22.3577777777778,Magnitude: 12.7
Type: Spiral galaxy
Constellation: Aries;
698,1.8288333333,-34.8311111111111,Magnitude: 14.5
Type: Spiral galaxy
Constellation: Fornax;
699,1.8454722222,-12.0358333333333,Magnitude: 14
Type: Spiral galaxy
Constellation: Cetus;
700,1.8702222222,+36.0969444444444,Magnitude: 15.6
Type: Lenticular galaxy
Constellation: Andromeda;
701,1.8510555556,-9.70222222222222,Magnitude: 12
Type: Spiral galaxy
Constellation: Cetus;
702,1.8550833333,-4.05583333333333,Magnitude: 14
Type: Interacting galaxies
Constellation: Cetus;
703,1.8776944444,+36.1711111111111,Magnitude: 14.5
Type: Lenticular galaxy
Constellation: Andromeda;
704,1.8771388889,+36.1269444444444,Magnitude: 14.1
Type: Interacting galaxies
Constellation: Andromeda;
705,1.87825,+36.1438888888889,Magnitude: 14.5
Type: Lenticular galaxy
Constellation: Andromeda;
706,1.8640555556,+6.29638888888889,Magnitude: 13.2
Type: Spiral galaxy
Constellation: Pisces;
707,1.8575555556,-8.50583333333333,Magnitude: 14
Type: Lenticular galaxy
Constellation: Cetus;
708,1.8776944444,+36.1711111111111,Magnitude: 14.5
Type: Elliptical galaxy
Constellation: Andromeda;
709,1.8807222222,+36.2225,Magnitude: 15.2
Type: Lenticular galaxy
Constellation: Andromeda;
710,1.8816944444,+36.0533333333333,Magnitude: 14.3
Type: Spiral galaxy
Constellation: Andromeda;
711,1.8743888889,+17.5122222222222,Magnitude: 14.5
Type: Lenticular galaxy
Constellation: Aries;
712,1.8857222222,+36.8194444444444,Magnitude: 13.9
Type: Lenticular galaxy
Constellation: Andromeda;
713,1.9226388889,-9.08388888888889,Magnitude: 14.9
Type: Spiral galaxy
Constellation: Cetus;
714,1.8916111111,+36.2208333333333,Magnitude: 13.9
Type: Lenticular galaxy
Constellation: Andromeda;
715,1.8867777778,-12.8738888888889,Magnitude: 15
Type: Galaxy
Constellation: Cetus;
716,1.88325,+12.7077777777778,Magnitude: 14
Type: Spiral galaxy
Constellation: Aries;
717,1.8986666667,+36.2291666666667,Magnitude: 14.7
Type: Spiral galaxy
Constellation: Andromeda;
718,1.887,+4.19555555555556,Magnitude: 12.8
Type: Spiral galaxy
Constellation: Pisces;
719,1.8941666667,+19.8402777777778,Magnitude: 14.7
Type: Lenticular galaxy
Constellation: Aries;
720,1.8834444444,-13.7383333333333,Magnitude: 11
Type: Elliptical galaxy
Constellation: Cetus;
721,1.9126666667,+39.3830555555556,Magnitude: 13.8
Type: Spiral galaxy
Constellation: Andromeda;
722,1.9130555556,+20.6980555555556,Magnitude: 14.6
Type: Spiral galaxy
Constellation: Aries;
723,1.896,-23.7577777777778,Magnitude: 13.1
Type: Spiral galaxy
Constellation: Cetus;
724,1.896,-23.7577777777778,Magnitude: 13.1
Type: Spiral galaxy
Constellation: Fornax;
725,1.8765277778,-16.5177777777778,Magnitude: 14.3
Type: Spiral galaxy
Constellation: Cetus;
726,1.9255277778,-10.8011111111111,Magnitude: 14.3
Type: Irregular galaxy
Constellation: Cetus;
727,1.897,-35.8561111111111,Magnitude: 14.5
Type: Spiral galaxy
Constellation: Fornax;
728,1.9166666667,+4.2,Magnitude: 
Type: Triple star
Constellation: Pisces;
729,1.897,-35.8561111111111,Magnitude: 14.5
Type: Spiral galaxy
Constellation: Fornax;
730,1.9166666667,+5.61666666666667,Magnitude: 
Type: Star
Constellation: Pisces;
731,1.9158055556,-9.01305555555556,Magnitude: 13
Type: Elliptical galaxy
Constellation: Cetus;
732,1.9410555556,+36.8019444444444,Magnitude: 14.9
Type: Lenticular galaxy
Constellation: Andromeda;
733,1.9401944444,+33.0652777777778,Magnitude: 
Type: Star
Constellation: Triangulum;
734,1.9081944444,-16.7077777777778,Magnitude: 15
Type: Spiral galaxy
Constellation: Cetus;
735,1.9438888889,+34.1769444444444,Magnitude: 13.9
Type: Spiral galaxy
Constellation: Triangulum;
736,1.9447222222,+33.0436111111111,Magnitude: 13.6
Type: Elliptical galaxy
Constellation: Triangulum;
737,1.95,+33.05,Magnitude: 
Type: Star
Constellation: Triangulum;
738,1.9460277778,+33.0583333333333,Magnitude: 15.5
Type: Galaxy
Constellation: Triangulum;
739,1.9485277778,+33.2666666666667,Magnitude: 14.8
Type: Lenticular galaxy
Constellation: Triangulum;
740,1.9486388889,+33.0152777777778,Magnitude: 14.9
Type: Spiral galaxy
Constellation: Triangulum;
741,1.9391944444,+5.62861111111111,Magnitude: 13.2
Type: Elliptical galaxy
Constellation: Pisces;
742,1.9400555556,+5.62666666666667,Magnitude: 14.8
Type: Elliptical galaxy
Constellation: Pisces;
743,1.9833333333,+60.1833333333333,Magnitude: 
Type: Open cluster
Constellation: Cassiopeia;
744,1.9833333333,+55.4666666666667,Magnitude: 8.4
Type: Open cluster
Constellation: Perseus;
745,1.9024166667,-56.6908333333333,Magnitude: 14
Type: Interacting galaxies
Constellation: Eridanus;
746,1.9641666667,+44.9180555555556,Magnitude: 13.8
Type: Irregular galaxy
Constellation: Andromeda;
747,1.9584444444,-9.46222222222222,Magnitude: 14
Type: Spiral galaxy
Constellation: Cetus;
748,1.9396666667,-4.4675,Magnitude: 12
Type: Spiral galaxy
Constellation: Cetus;
749,1.9280277778,-29.9211111111111,Magnitude: 
Type: Spiral galaxy
Constellation: Fornax;
750,1.9591111111,+33.2094444444445,Magnitude: 12.9
Type: Elliptical galaxy
Constellation: Triangulum;
751,1.9591666667,+33.2030555555556,Magnitude: 12.9
Type: Elliptical galaxy
Constellation: Triangulum;
752,1.9613888889,+37.7833333333333,Magnitude: 6.5
Type: Open cluster
Constellation: Andromeda;
753,1.9618055556,+35.9152777777778,Magnitude: 12.6
Type: Spiral galaxy
Constellation: Andromeda;
754,1.9058055556,-56.7611111111111,Magnitude: 
Type: Elliptical galaxy
Constellation: Eridanus;
755,1.9395555556,-9.0625,Magnitude: 13
Type: Spiral galaxy
Constellation: Cetus;
756,1.9081944444,-16.7077777777778,Magnitude: 15
Type: Lenticular galaxy
Constellation: Cetus;
757,1.9158055556,-9.01305555555556,Magnitude: 13
Type: Elliptical galaxy
Constellation: Cetus;
758,1.9283611111,-3.06638888888889,Magnitude: 15.1
Type: Galaxy
Constellation: Cetus;
759,1.9640277778,+36.3430555555556,Magnitude: 13.7
Type: Elliptical galaxy
Constellation: Andromeda;
760,1.9631666667,+33.3552777777778,Magnitude: 14.5
Type: Double star
Constellation: Triangulum;
761,1.9637777778,+33.3769444444444,Magnitude: 14.5
Type: Spiral galaxy
Constellation: Triangulum;
762,1.9493611111,-5.40333333333333,Magnitude: 13.5
Type: Spiral galaxy
Constellation: Cetus;
763,1.9395555556,-9.0625,Magnitude: 13
Type: Spiral galaxy
Constellation: Cetus;
764,1.95,-16.0333333333333,Magnitude: 
Type: Double star
Constellation: Cetus;
765,1.9800277778,+24.8922222222222,Magnitude: 14.2
Type: Spiral galaxy
Constellation: Aries;
766,1.9783611111,+8.34666666666667,Magnitude: 14.4
Type: Elliptical galaxy
Constellation: Pisces;
767,1.9807777778,-9.58722222222222,Magnitude: 14
Type: Spiral galaxy
Constellation: Cetus;
768,1.9780555556,+0.528888888888889,Magnitude: 14.3
Type: Spiral galaxy
Constellation: Cetus;
769,1.9933888889,+30.91,Magnitude: 13.4
Type: Spiral galaxy
Constellation: Triangulum;
770,1.9871666667,+18.9547222222222,Magnitude: 14.2
Type: Elliptical galaxy
Constellation: Aries;
771,2.05,+72.4166666666667,Magnitude: 3.95
Type: Star
Constellation: Cassiopeia;
772,1.9888055556,+19.0077777777778,Magnitude: 11.3
Type: Spiral galaxy
Constellation: Aries;
773,1.9811111111,-11.5144444444444,Magnitude: 14
Type: Spiral galaxy
Constellation: Cetus;
774,1.993,+14.0083333333333,Magnitude: 14.4
Type: Lenticular galaxy
Constellation: Aries;
775,1.9756944444,-26.2922222222222,Magnitude: 12.9
Type: Spiral galaxy
Constellation: Fornax;
776,1.9985,+23.6447222222222,Magnitude: 13.4
Type: Spiral galaxy
Constellation: Aries;
777,2.0041666667,+31.4294444444444,Magnitude: 12.7
Type: Elliptical galaxy
Constellation: Triangulum;
778,2.0054166667,+31.3127777777778,Magnitude: 14.2
Type: Lenticular galaxy
Constellation: Triangulum;
779,1.9950833333,-5.96305555555556,Magnitude: 12
Type: Spiral galaxy
Constellation: Cetus;
780,2.0098055556,+28.225,Magnitude: 14.6
Type: Galaxy
Constellation: Triangulum;
781,2.0025,+12.6561111111111,Magnitude: 14
Type: Spiral galaxy
Constellation: Aries;
782,1.9605,-57.79,Magnitude: 12.8
Type: Spiral galaxy
Constellation: Eridanus;
783,2.0185277778,+31.8822222222222,Magnitude: 12.8
Type: Spiral galaxy
Constellation: Triangulum;
784,2.0214166667,+28.8372222222222,Magnitude: 12.1
Type: Irregular galaxy
Constellation: Triangulum;
785,2.02775,+31.8277777777778,Magnitude: 13.9
Type: Lenticular galaxy
Constellation: Triangulum;
786,2.0235277778,+15.6461111111111,Magnitude: 14.3
Type: Spiral galaxy
Constellation: Aries;
787,2.0135,-9.0025,Magnitude: 13
Type: Spiral galaxy
Constellation: Cetus;
788,2.0184722222,-6.81583333333333,Magnitude: 13
Type: Spiral galaxy
Constellation: Cetus;
789,2.0405833333,+32.0716666666667,Magnitude: 14
Type: Spiral galaxy
Constellation: Triangulum;
790,2.0226388889,-5.37222222222222,Magnitude: 13.5
Type: Lenticular galaxy
Constellation: Cetus;
791,2.029,+8.49972222222222,Magnitude: 14.8
Type: Elliptical galaxy
Constellation: Pisces;
792,2.0376111111,+15.7122222222222,Magnitude: 14.6
Type: Lenticular galaxy
Constellation: Aries;
793,2.05,32,Magnitude: 
Type: Double star
Constellation: Triangulum;
794,2.0415277778,+18.3727777777778,Magnitude: 14
Type: Lenticular galaxy
Constellation: Aries;
795,1.9969722222,-55.8244444444444,Magnitude: 
Type: Lenticular galaxy
Constellation: Eridanus;
796,1.9458333333,-74.2166666666667,Magnitude: 
Type: Open cluster
Constellation: Hydrus;
797,2.0578055556,+38.1169444444444,Magnitude: 13.9
Type: Interacting galaxies
Constellation: Andromeda;
798,2.0554722222,+32.0772222222222,Magnitude: 14.7
Type: Elliptical galaxy
Constellation: Triangulum;
799,2.0367777778,-0.100833333333333,Magnitude: 14.2
Type: Spiral galaxy
Constellation: Cetus;
800,2.0366388889,-0.130555555555556,Magnitude: 14.7
Type: Spiral galaxy
Constellation: Cetus;
801,2.0625277778,+38.2591666666667,Magnitude: 14.2
Type: Spiral galaxy
Constellation: Andromeda;
802,1.9848611111,-67.8697222222222,Magnitude: 
Type: Lenticular galaxy
Constellation: Hydrus;
803,2.0624444444,+16.0308333333333,Magnitude: 13.5
Type: Spiral galaxy
Constellation: Aries;
804,2.0672777778,+30.8327777777778,Magnitude: 14.7
Type: Lenticular galaxy
Constellation: Triangulum;
805,2.0749166667,+28.8122222222222,Magnitude: 14.7
Type: Lenticular galaxy
Constellation: Triangulum;
806,2.0586666667,-9.93333333333333,Magnitude: 14
Type: Spiral galaxy
Constellation: Cetus;
807,2.0821666667,+28.9875,Magnitude: 13.8
Type: Elliptical galaxy
Constellation: Triangulum;
808,2.0657222222,-23.3125,Magnitude: 14.3
Type: Spiral galaxy
Constellation: Cetus;
809,2.0719444444,-8.73527777777778,Magnitude: 14
Type: Lenticular galaxy
Constellation: Cetus;
810,2.0912777778,+13.2508333333333,Magnitude: 15.4
Type: Interacting galaxies
Constellation: Aries;
811,2.0763888889,-10.1088888888889,Magnitude: 14
Type: Spiral galaxy
Constellation: Cetus;
812,2.1143333333,+44.5719444444445,Magnitude: 12.8
Type: Spiral galaxy
Constellation: Andromeda;
813,2.0269166667,-68.4408333333333,Magnitude: 14.6
Type: Lenticular galaxy
Constellation: Hydrus;
814,2.1771111111,-15.7736111111111,Magnitude: 
Type: Lenticular galaxy
Constellation: Cetus;
815,2.0483888889,-14.6736111111111,Magnitude: 15.1
Type: Interacting galaxies
Constellation: Cetus;
816,2.1358055556,+29.2558333333333,Magnitude: 15.3
Type: Galaxy
Constellation: Triangulum;
817,2.1260555556,+17.2022222222222,Magnitude: 13.9
Type: Spiral galaxy
Constellation: Aries;
818,2.14575,+38.7772222222222,Magnitude: 12.7
Type: Spiral galaxy
Constellation: Andromeda;
819,2.1429444444,+29.2333333333333,Magnitude: 14.1
Type: Spiral galaxy
Constellation: Triangulum;
820,2.1402777778,+14.3494444444444,Magnitude: 13.7
Type: Spiral galaxy
Constellation: Aries;
821,2.1391666667,+10.9947222222222,Magnitude: 12.6
Type: Elliptical galaxy
Constellation: Aries;
822,2.1108055556,-41.1569444444444,Magnitude: 13
Type: Elliptical galaxy
Constellation: Phoenix;
823,2.12225,-25.4416666666667,Magnitude: 13.6
Type: Lenticular galaxy
Constellation: Fornax;
824,2.11475,-36.4522222222222,Magnitude: 13
Type: Spiral galaxy
Constellation: Fornax;
825,2.1423333333,+6.32361111111111,Magnitude: 14.5
Type: Spiral galaxy
Constellation: Cetus;
826,2.157,+30.7394444444444,Magnitude: 15.4
Type: Galaxy
Constellation: Triangulum;
827,2.149,+7.97111111111111,Magnitude: 14
Type: Spiral galaxy
Constellation: Cetus;
828,2.1693611111,+39.1908333333333,Magnitude: 13
Type: Spiral galaxy
Constellation: Andromeda;
829,2.1450555556,-7.79083333333333,Magnitude: 14
Type: Spiral galaxy
Constellation: Cetus;
830,2.1496388889,-7.76666666666667,Magnitude: 15
Type: Lenticular galaxy
Constellation: Cetus;
831,2.1596111111,+6.09611111111111,Magnitude: 15.2
Type: Spiral galaxy
Constellation: Cetus;
832,2.1666666667,+35.5333333333333,Magnitude: 
Type: Double star
Constellation: Triangulum;
833,2.1558055556,-10.1333333333333,Magnitude: 14
Type: Spiral galaxy
Constellation: Cetus;
834,2.18375,+37.6666666666667,Magnitude: 13.2
Type: Spiral galaxy
Constellation: Andromeda;
835,2.1568611111,-10.1363888888889,Magnitude: 13.5
Type: Spiral galaxy
Constellation: Cetus;
836,2.1735833333,-22.055,Magnitude: 13.7
Type: Spiral galaxy
Constellation: Cetus;
837,2.1711666667,-22.4308333333333,Magnitude: 
Type: Spiral galaxy
Constellation: Cetus;
838,2.1607222222,-10.1469444444444,Magnitude: 14
Type: Lenticular galaxy
Constellation: Cetus;
839,2.1619166667,-10.1841666666667,Magnitude: 13.7
Type: Spiral galaxy
Constellation: Cetus;
840,2.1711944444,+7.84472222222222,Magnitude: 14.7
Type: Spiral galaxy
Constellation: Cetus;
841,2.1881944444,+37.4969444444444,Magnitude: 12.8
Type: Spiral galaxy
Constellation: Andromeda;
842,2.1641111111,-7.7625,Magnitude: 14
Type: Lenticular galaxy
Constellation: Cetus;
843,2.1855555556,+32.1,Magnitude: 
Type: Triple star
Constellation: Triangulum;
844,2.1699722222,+6.04833333333333,Magnitude: 15
Type: Galaxy
Constellation: Cetus;
845,2.2055,+37.4772222222222,Magnitude: 14.5
Type: Spiral galaxy
Constellation: Andromeda;
846,2.2035,+44.5680555555556,Magnitude: 13.2
Type: Spiral galaxy
Constellation: Andromeda;
847,2.2035,+44.5680555555556,Magnitude: 13.2
Type: Spiral galaxy
Constellation: Andromeda;
848,2.1715555556,-10.3213888888889,Magnitude: 15
Type: Spiral galaxy
Constellation: Cetus;
849,2.1697777778,-22.3230555555556,Magnitude: 15.7
Type: Lenticular galaxy
Constellation: Cetus;
850,2.1871111111,-1.48555555555556,Magnitude: 14.1
Type: Lenticular galaxy
Constellation: Cetus;
851,2.1867222222,+3.77944444444444,Magnitude: 14.7
Type: Lenticular galaxy
Constellation: Cetus;
852,2.1487222222,-56.7363888888889,Magnitude: 
Type: Spiral galaxy
Constellation: Eridanus;
853,2.1948888889,-9.30472222222222,Magnitude: 13
Type: Irregular galaxy
Constellation: Cetus;
854,2.1918888889,-35.8347222222222,Magnitude: 13
Type: Spiral galaxy
Constellation: Fornax;
855,2.2343611111,+27.8769444444444,Magnitude: 13
Type: Elliptical galaxy
Constellation: Triangulum;
856,2.2273611111,-0.7175,Magnitude: 14.4
Type: Spiral galaxy
Constellation: Cetus;
857,2.2103333333,-31.9444444444444,Magnitude: 13.3
Type: Lenticular galaxy
Constellation: Fornax;
858,2.2083888889,-22.4716666666667,Magnitude: 14
Type: Spiral galaxy
Constellation: Cetus;
859,2.2273611111,-0.7175,Magnitude: 14.4
Type: Spiral galaxy
Constellation: Cetus;
860,2.2500555556,+30.7788888888889,Magnitude: 15.1
Type: Galaxy
Constellation: Triangulum;
861,2.2642222222,+35.9133333333333,Magnitude: 14.8
Type: Spiral galaxy
Constellation: Triangulum;
862,2.2174444444,-42.0338888888889,Magnitude: 13.7
Type: Elliptical galaxy
Constellation: Phoenix;
863,2.2426666667,-0.766666666666667,Magnitude: 14
Type: Spiral galaxy
Constellation: Cetus;
864,2.2576666667,+6.0025,Magnitude: 12
Type: Spiral galaxy
Constellation: Cetus;
865,2.2708888889,+28.6002777777778,Magnitude: 14
Type: Spiral galaxy
Constellation: Triangulum;
866,2.2426666667,-0.766666666666667,Magnitude: 14
Type: Spiral galaxy
Constellation: Cetus;
867,2.2846666667,+1.24416666666667,Magnitude: 14.2
Type: Lenticular galaxy
Constellation: Cetus;
868,2.2662222222,-0.713333333333333,Magnitude: 15.6
Type: Spiral galaxy
Constellation: Cetus;
869,2.3166666667,+57.15,Magnitude: 5.7
Type: Open cluster
Constellation: Perseus;
870,2.2858888889,+14.5227777777778,Magnitude: 16
Type: Galaxy
Constellation: Aries;
871,2.2863333333,+14.5480555555556,Magnitude: 13.6
Type: Spiral galaxy
Constellation: Aries;
872,2.257,-17.7811111111111,Magnitude: 
Type: Spiral galaxy
Constellation: Cetus;
873,2.2756388889,-11.3486111111111,Magnitude: 13.8
Type: Spiral galaxy
Constellation: Cetus;
874,2.2672222222,-23.3058333333333,Magnitude: 
Type: Spiral galaxy
Constellation: Cetus;
875,2.2846666667,+1.24416666666667,Magnitude: 14.2
Type: Lenticular galaxy
Constellation: Cetus;
876,2.2981388889,+14.5213888888889,Magnitude: 16.5
Type: Spiral galaxy
Constellation: Aries;
877,2.2999166667,+14.5438888888889,Magnitude: 12.5
Type: Spiral galaxy
Constellation: Aries;
878,2.2983888889,-23.3844444444444,Magnitude: 14.8
Type: Spiral galaxy
Constellation: Cetus;
879,2.2809166667,-8.96333333333333,Magnitude: 15.5
Type: Irregular galaxy
Constellation: Cetus;
880,2.3075277778,-4.20611111111111,Magnitude: 15.6
Type: Irregular galaxy
Constellation: Cetus;
881,2.3126111111,-6.63944444444444,Magnitude: 12.5
Type: Spiral galaxy
Constellation: Cetus;
882,2.3277777778,+15.8138888888889,Magnitude: 14.9
Type: Lenticular galaxy
Constellation: Aries;
883,2.3181111111,-6.79138888888889,Magnitude: 13
Type: Lenticular galaxy
Constellation: Cetus;
884,2.3666666667,+57.1333333333333,Magnitude: 6.6
Type: Open cluster
Constellation: Perseus;
885,2.2426666667,-0.766666666666667,Magnitude: 14
Type: Spiral galaxy
Constellation: Cetus;
886,2.4,+63.7666666666667,Magnitude: 
Type: Open cluster
Constellation: Cassiopeia;
887,2.3255555556,-16.0666666666667,Magnitude: 13
Type: Spiral galaxy
Constellation: Cetus;
888,2.2908055556,-59.8611111111111,Magnitude: 
Type: Elliptical galaxy
Constellation: Horologium;
889,2.3185833333,-41.7494444444444,Magnitude: 14.2
Type: Elliptical galaxy
Constellation: Phoenix;
890,2.3669166667,+33.2663888888889,Magnitude: 12.6
Type: Lenticular galaxy
Constellation: Triangulum;
891,2.3758055556,+42.3461111111111,Magnitude: 10.8
Type: Spiral galaxy
Constellation: Andromeda;
892,2.3477777778,-23.1138888888889,Magnitude: 
Type: Spiral galaxy
Constellation: Cetus;
893,2.3327222222,-41.4025,Magnitude: 13.5
Type: Spiral galaxy
Constellation: Phoenix;
894,2.3600555556,-5.52027777777778,Magnitude: 11.5
Type: Spiral arm
Constellation: Cetus;
895,2.3600555556,-5.52027777777778,Magnitude: 11.5
Type: Spiral galaxy
Constellation: Cetus;
896,2.4333333333,+61.9833333333333,Magnitude: 
Type: Diffuse nebula
Constellation: Cassiopeia;
897,2.3516944444,-33.7216666666667,Magnitude: 11
Type: Spiral galaxy
Constellation: Fornax;
898,2.3889722222,+41.9511111111111,Magnitude: 13.8
Type: Spiral galaxy
Constellation: Andromeda;
899,2.3647777778,-20.8227777777778,Magnitude: 13.3
Type: Irregular galaxy
Constellation: Cetus;
900,2.3923055556,+26.5113888888889,Magnitude: 15
Type: Lenticular galaxy
Constellation: Aries;
901,2.3928055556,+26.5569444444444,Magnitude: 
Type: Galaxy
Constellation: Aries;
902,2.3727222222,-16.6791666666667,Magnitude: 14
Type: Spiral galaxy
Constellation: Cetus;
903,2.40025,+27.3563888888889,Magnitude: 
Type: Galaxy
Constellation: Aries;
904,2.4015833333,+27.3422222222222,Magnitude: 15
Type: Elliptical galaxy
Constellation: Aries;
905,2.3787777778,-8.71916666666667,Magnitude: 15.9
Type: Galaxy
Constellation: Cetus;
906,2.4211666667,+42.0902777777778,Magnitude: 14.4
Type: Spiral galaxy
Constellation: Andromeda;
907,2.3838611111,-20.7119444444444,Magnitude: 14.2
Type: Irregular galaxy
Constellation: Cetus;
908,2.3846666667,-21.2341666666667,Magnitude: 10.9
Type: Spiral galaxy
Constellation: Cetus;
909,2.423,+42.035,Magnitude: 14.5
Type: Elliptical galaxy
Constellation: Andromeda;
910,2.4241111111,+41.8241666666667,Magnitude: 14.5
Type: Elliptical galaxy
Constellation: Andromeda;
911,2.4284444444,+41.9558333333333,Magnitude: 14
Type: Elliptical galaxy
Constellation: Andromeda;
912,2.4285277778,+41.7775,Magnitude: 15
Type: Elliptical galaxy
Constellation: Andromeda;
913,2.4291111111,+41.7994444444444,Magnitude: 16
Type: Elliptical galaxy
Constellation: Andromeda;
914,2.43475,+42.1438888888889,Magnitude: 13.9
Type: Spiral galaxy
Constellation: Andromeda;
915,2.4293333333,+27.2211111111111,Magnitude: 15
Type: Galaxy
Constellation: Aries;
916,2.4298888889,+27.2425,Magnitude: 14.9
Type: Galaxy
Constellation: Aries;
917,2.4355,+31.9119444444444,Magnitude: 14.5
Type: Spiral galaxy
Constellation: Triangulum;
918,2.4307777778,+18.4963888888889,Magnitude: 14.3
Type: Spiral galaxy
Constellation: Aries;
919,2.438,+27.2119444444444,Magnitude: 15.5
Type: Spiral galaxy
Constellation: Aries;
920,2.4644166667,+45.9469444444444,Magnitude: 15.6
Type: Spiral galaxy
Constellation: Andromeda;
921,2.4426388889,-15.8475,Magnitude: 14
Type: Spiral galaxy
Constellation: Cetus;
922,2.4176388889,-24.7894444444444,Magnitude: 12.6
Type: Spiral galaxy
Constellation: Fornax;
923,2.4596388889,+41.9777777777778,Magnitude: 14.4
Type: Spiral galaxy
Constellation: Andromeda;
924,2.4463611111,+20.4975,Magnitude: 13.8
Type: Lenticular galaxy
Constellation: Aries;
925,2.4546666667,+33.5791666666667,Magnitude: 10.5
Type: Spiral galaxy
Constellation: Triangulum;
926,2.4352222222,-0.332222222222222,Magnitude: 13.9
Type: Spiral galaxy
Constellation: Cetus;
927,2.4437222222,+12.155,Magnitude: 14.5
Type: Spiral galaxy
Constellation: Aries;
928,2.4613611111,+27.2208333333333,Magnitude: 14.7
Type: Spiral galaxy
Constellation: Aries;
929,2.4550833333,-12.0863888888889,Magnitude: 15
Type: Spiral galaxy
Constellation: Cetus;
930,2.4666666667,+20.3333333333333,Magnitude: 
Type: Unknown
Constellation: Aries;
931,2.4707222222,+31.3108333333333,Magnitude: 13.9
Type: Spiral galaxy
Constellation: Triangulum;
932,2.4652222222,+20.3325,Magnitude: 13.7
Type: Spiral galaxy
Constellation: Aries;
933,2.48825,+45.9111111111111,Magnitude: 15.5
Type: Spiral galaxy
Constellation: Andromeda;
934,2.4591666667,-0.244444444444444,Magnitude: 14.4
Type: Lenticular galaxy
Constellation: Cetus;
935,2.4697777778,+19.5997222222222,Magnitude: 13.6
Type: Spiral galaxy
Constellation: Aries;
936,2.4603611111,-1.15638888888889,Magnitude: 11.3
Type: Lenticular galaxy
Constellation: Cetus;
937,2.4911944444,+42.2497222222222,Magnitude: 15
Type: Spiral galaxy
Constellation: Andromeda;
938,2.476,+20.2838888888889,Magnitude: 13.8
Type: Elliptical galaxy
Constellation: Aries;
939,2.4392222222,-44.4463888888889,Magnitude: 14
Type: Elliptical galaxy
Constellation: Eridanus;
940,2.4909722222,+31.6411111111111,Magnitude: 13.4
Type: Lenticular galaxy
Constellation: Triangulum;
941,2.4744166667,-1.15111111111111,Magnitude: 13.4
Type: Spiral galaxy
Constellation: Cetus;
942,2.4863888889,-10.8266666666667,Magnitude: 14
Type: Irregular galaxy
Constellation: Cetus;
943,2.486,-10.8283333333333,Magnitude: 14
Type: Lenticular galaxy
Constellation: Cetus;
944,2.4450277778,-14.5152777777778,Magnitude: 14
Type: Lenticular galaxy
Constellation: Cetus;
945,2.477,-10.5397222222222,Magnitude: 12
Type: Spiral galaxy
Constellation: Cetus;
946,2.5107222222,+42.2322222222222,Magnitude: 14.5
Type: Lenticular galaxy
Constellation: Andromeda;
947,2.4757777778,-19.0425,Magnitude: 12.9
Type: Spiral galaxy
Constellation: Cetus;
948,2.4791944444,-10.5122222222222,Magnitude: 14
Type: Spiral galaxy
Constellation: Cetus;
949,2.5135555556,+37.1361111111111,Magnitude: 12
Type: Spiral galaxy
Constellation: Triangulum;
950,2.4867777778,-11.0266666666667,Magnitude: 14
Type: Spiral galaxy
Constellation: Cetus;
951,2.4824722222,-22.3486111111111,Magnitude: 
Type: Spiral galaxy
Constellation: Cetus;
952,2.5166666667,+34.75,Magnitude: 
Type: Unknown
Constellation: Triangulum;
953,2.5194166667,+29.5886111111111,Magnitude: 14.5
Type: Elliptical galaxy
Constellation: Triangulum;
954,2.4809444444,-41.4027777777778,Magnitude: 13.3
Type: Spiral galaxy
Constellation: Eridanus;
955,2.5092777778,-1.10861111111111,Magnitude: 13
Type: Spiral galaxy
Constellation: Cetus;
956,2.5333333333,+44.65,Magnitude: 8.9
Type: Open cluster
Constellation: Andromeda;
957,2.55,+57.5666666666667,Magnitude: 8.3
Type: Open cluster
Constellation: Perseus;
958,2.5118055556,-2.94166666666667,Magnitude: 13
Type: Spiral galaxy
Constellation: Cetus;
959,2.5400277778,+35.4947222222222,Magnitude: 12.5
Type: Irregular galaxy
Constellation: Triangulum;
960,2.5281666667,-9.30055555555556,Magnitude: 14
Type: Spiral galaxy
Constellation: Cetus;
961,2.6840277778,-6.93583333333333,Magnitude: 13
Type: Irregular galaxy
Constellation: Cetus;
962,2.5444444444,+28.07,Magnitude: 14.2
Type: Elliptical galaxy
Constellation: Aries;
963,2.5086666667,-4.21666666666667,Magnitude: 14.5
Type: Galaxy
Constellation: Cetus;
964,2.5183888889,-36.0333333333333,Magnitude: 12.5
Type: Spiral galaxy
Constellation: Fornax;
965,2.5402777778,-18.6397222222222,Magnitude: 14.3
Type: Spiral galaxy
Constellation: Cetus;
966,2.5296944444,-19.8811111111111,Magnitude: 14.1
Type: Lenticular galaxy
Constellation: Cetus;
967,2.5368611111,-17.2169444444444,Magnitude: 13.7
Type: Lenticular galaxy
Constellation: Cetus;
968,2.5684166667,+34.4797222222222,Magnitude: 13.8
Type: Elliptical galaxy
Constellation: Triangulum;
969,2.5688888889,+32.9472222222222,Magnitude: 13.4
Type: Lenticular galaxy
Constellation: Triangulum;
970,2.5699444444,+32.9775,Magnitude: 15.7
Type: Interacting galaxies
Constellation: Triangulum;
971,2.5698888889,+32.9766666666667,Magnitude: 
Type: Star
Constellation: Triangulum;
972,2.5703888889,+29.3105555555556,Magnitude: 12.1
Type: Spiral galaxy
Constellation: Aries;
973,2.5722777778,+32.5052777777778,Magnitude: 13.7
Type: Spiral galaxy
Constellation: Triangulum;
974,2.5738333333,+32.9544444444444,Magnitude: 13.9
Type: Spiral galaxy
Constellation: Triangulum;
975,2.5563333333,+9.60166666666667,Magnitude: 14.2
Type: Spiral galaxy
Constellation: Cetus;
976,2.5666944444,+20.9769444444444,Magnitude: 12.9
Type: Spiral galaxy
Constellation: Aries;
977,2.5509444444,-10.76,Magnitude: 13
Type: Spiral galaxy
Constellation: Cetus;
978,2.57975,+32.8461111111111,Magnitude: 13.3
Type: Interacting galaxies
Constellation: Triangulum;
979,2.5273888889,-44.5238888888889,Magnitude: 13.8
Type: Lenticular galaxy
Constellation: Eridanus;
980,2.5885277778,+40.9263888888889,Magnitude: 14.3
Type: Lenticular galaxy
Constellation: Andromeda;
981,2.5499722222,-10.9752777777778,Magnitude: 14
Type: Spiral galaxy
Constellation: Cetus;
982,2.59025,+40.8691666666667,Magnitude: 13.2
Type: Spiral galaxy
Constellation: Andromeda;
983,2.6488333333,+34.6222222222222,Magnitude: 14
Type: Spiral galaxy
Constellation: Triangulum;
984,2.5786944444,+23.4127777777778,Magnitude: 14.5
Type: Lenticular galaxy
Constellation: Aries;
985,2.5771666667,-8.7875,Magnitude: 14.5
Type: Ring galaxy
Constellation: Cetus;
986,2.5595,-39.0444444444444,Magnitude: 11.8
Type: Spiral galaxy
Constellation: Fornax;
987,2.6137777778,+33.3272222222222,Magnitude: 13.4
Type: Spiral galaxy
Constellation: Triangulum;
988,2.5909444444,-9.35472222222222,Magnitude: 11.4
Type: Spiral galaxy
Constellation: Cetus;
989,2.5628055556,-16.5111111111111,Magnitude: 15
Type: Galaxy
Constellation: Cetus;
990,2.6050833333,+11.6419444444444,Magnitude: 13.9
Type: Elliptical galaxy
Constellation: Aries;
991,2.5924722222,-7.15472222222222,Magnitude: 13.4
Type: Spiral galaxy
Constellation: Cetus;
992,2.6237777778,+21.1002777777778,Magnitude: 13.5
Type: Spiral galaxy
Constellation: Aries;
993,2.6128333333,+2.04972222222222,Magnitude: 14.9
Type: Lenticular galaxy
Constellation: Cetus;
994,2.6128333333,+2.04972222222222,Magnitude: 14.9
Type: Lenticular galaxy
Constellation: Cetus;
995,2.6422777778,+41.5291666666667,Magnitude: 14.9
Type: Lenticular galaxy
Constellation: Andromeda;
996,2.6444444444,+41.6469444444445,Magnitude: 14.5
Type: Elliptical galaxy
Constellation: Andromeda;
997,2.6206666667,+7.30555555555556,Magnitude: 14.6
Type: Interacting galaxies
Constellation: Cetus;
998,2.6223055556,+7.44,Magnitude: 15.6
Type: Spiral galaxy
Constellation: Cetus;
999,2.6465555556,+41.6702777777778,Magnitude: 14.5
Type: Spiral galaxy
Constellation: Andromeda;
1000,2.6471388889,+41.4597222222222,Magnitude: 15.6
Type: Elliptical galaxy
Constellation: Andromeda;
